Copyright 1986-2018 Xilinx, Inc. All Rights Reserved.
-----------------------------------------------------------------------------------------------------------------------------------------------------------------------------------------------------------------------------------
| Tool Version : Vivado v.2018.3 (win64) Build 2405991 Thu Dec  6 23:38:27 MST 2018
| Date         : Fri May  1 13:32:35 2026
| Host         : DESKTOP-FT0TDHF running 64-bit major release  (build 9200)
| Command      : report_timing_summary -max_paths 10 -file Nano_Processor_7_seg_timing_summary_routed.rpt -pb Nano_Processor_7_seg_timing_summary_routed.pb -rpx Nano_Processor_7_seg_timing_summary_routed.rpx -warn_on_violation
| Design       : Nano_Processor_7_seg
| Device       : 7a35t-cpg236
| Speed File   : -1  PRODUCTION 1.23 2018-06-13
-----------------------------------------------------------------------------------------------------------------------------------------------------------------------------------------------------------------------------------

Timing Summary Report

------------------------------------------------------------------------------------------------
| Timer Settings
| --------------
------------------------------------------------------------------------------------------------

  Enable Multi Corner Analysis               :  Yes
  Enable Pessimism Removal                   :  Yes
  Pessimism Removal Resolution               :  Nearest Common Node
  Enable Input Delay Default Clock           :  No
  Enable Preset / Clear Arcs                 :  No
  Disable Flight Delays                      :  No
  Ignore I/O Paths                           :  No
  Timing Early Launch at Borrowing Latches   :  false

  Corner  Analyze    Analyze    
  Name    Max Paths  Min Paths  
  ------  ---------  ---------  
  Slow    Yes        Yes        
  Fast    Yes        Yes        



check_timing report

Table of Contents
-----------------
1. checking no_clock
2. checking constant_clock
3. checking pulse_width_clock
4. checking unconstrained_internal_endpoints
5. checking no_input_delay
6. checking no_output_delay
7. checking multiple_clock
8. checking generated_clocks
9. checking loops
10. checking partial_input_delay
11. checking partial_output_delay
12. checking latch_loops

1. checking no_clock
--------------------
 There are 16 register/latch pins with no clock driven by root clock pin: NanoProcessor/slow_clock_0/Clk_out_reg/Q (HIGH)


2. checking constant_clock
--------------------------
 There are 0 register/latch pins with constant_clock.


3. checking pulse_width_clock
-----------------------------
 There are 0 register/latch pins which need pulse_width check


4. checking unconstrained_internal_endpoints
--------------------------------------------
 There are 42 pins that are not constrained for maximum delay. (HIGH)

 There are 0 pins that are not constrained for maximum delay due to constant clock.


5. checking no_input_delay
--------------------------
 There is 1 input port with no input delay specified. (HIGH)

 There are 0 input ports with no input delay but user has a false path constraint.


6. checking no_output_delay
---------------------------
 There are 13 ports with no output delay specified. (HIGH)

 There are 0 ports with no output delay but user has a false path constraint

 There are 0 ports with no output delay but with a timing clock defined on it or propagating through it


7. checking multiple_clock
--------------------------
 There are 0 register/latch pins with multiple clocks.


8. checking generated_clocks
----------------------------
 There are 0 generated clocks that are not connected to a clock source.


9. checking loops
-----------------
 There are 0 combinational loops in the design.


10. checking partial_input_delay
--------------------------------
 There are 0 input ports with partial input delay specified.


11. checking partial_output_delay
---------------------------------
 There are 0 ports with partial output delay specified.


12. checking latch_loops
------------------------
 There are 0 combinational latch loops in the design through latch input



------------------------------------------------------------------------------------------------
| Design Timing Summary
| ---------------------
------------------------------------------------------------------------------------------------

    WNS(ns)      TNS(ns)  TNS Failing Endpoints  TNS Total Endpoints      WHS(ns)      THS(ns)  THS Failing Endpoints  THS Total Endpoints     WPWS(ns)     TPWS(ns)  TPWS Failing Endpoints  TPWS Total Endpoints  
    -------      -------  ---------------------  -------------------      -------      -------  ---------------------  -------------------     --------     --------  ----------------------  --------------------  
      5.637        0.000                      0                   65        0.263        0.000                      0                   65        4.500        0.000                       0                    35  


All user specified timing constraints are met.


------------------------------------------------------------------------------------------------
| Clock Summary
| -------------
------------------------------------------------------------------------------------------------

Clock        Waveform(ns)       Period(ns)      Frequency(MHz)
-----        ------------       ----------      --------------
sys_clk_pin  {0.000 5.000}      10.000          100.000         


------------------------------------------------------------------------------------------------
| Intra Clock Table
| -----------------
------------------------------------------------------------------------------------------------

Clock             WNS(ns)      TNS(ns)  TNS Failing Endpoints  TNS Total Endpoints      WHS(ns)      THS(ns)  THS Failing Endpoints  THS Total Endpoints     WPWS(ns)     TPWS(ns)  TPWS Failing Endpoints  TPWS Total Endpoints  
-----             -------      -------  ---------------------  -------------------      -------      -------  ---------------------  -------------------     --------     --------  ----------------------  --------------------  
sys_clk_pin         5.637        0.000                      0                   65        0.263        0.000                      0                   65        4.500        0.000                       0                    35  


------------------------------------------------------------------------------------------------
| Inter Clock Table
| -----------------
------------------------------------------------------------------------------------------------

From Clock    To Clock          WNS(ns)      TNS(ns)  TNS Failing Endpoints  TNS Total Endpoints      WHS(ns)      THS(ns)  THS Failing Endpoints  THS Total Endpoints  
----------    --------          -------      -------  ---------------------  -------------------      -------      -------  ---------------------  -------------------  


------------------------------------------------------------------------------------------------
| Other Path Groups Table
| -----------------------
------------------------------------------------------------------------------------------------

Path Group    From Clock    To Clock          WNS(ns)      TNS(ns)  TNS Failing Endpoints  TNS Total Endpoints      WHS(ns)      THS(ns)  THS Failing Endpoints  THS Total Endpoints  
----------    ----------    --------          -------      -------  ---------------------  -------------------      -------      -------  ---------------------  -------------------  


------------------------------------------------------------------------------------------------
| Timing Details
| --------------
------------------------------------------------------------------------------------------------


---------------------------------------------------------------------------------------------------
From Clock:  sys_clk_pin
  To Clock:  sys_clk_pin

Setup :            0  Failing Endpoints,  Worst Slack        5.637ns,  Total Violation        0.000ns
Hold  :            0  Failing Endpoints,  Worst Slack        0.263ns,  Total Violation        0.000ns
PW    :            0  Failing Endpoints,  Worst Slack        4.500ns,  Total Violation        0.000ns
---------------------------------------------------------------------------------------------------


Max Delay Paths
--------------------------------------------------------------------------------------
Slack (MET) :             5.637ns  (required time - arrival time)
  Source:                 NanoProcessor/slow_clock_0/count_reg[12]/C
                            (rising edge-triggered cell FDRE clocked by sys_clk_pin  {rise@0.000ns fall@5.000ns period=10.000ns})
  Destination:            NanoProcessor/slow_clock_0/count_reg[29]/R
                            (rising edge-triggered cell FDRE clocked by sys_clk_pin  {rise@0.000ns fall@5.000ns period=10.000ns})
  Path Group:             sys_clk_pin
  Path Type:              Setup (Max at Slow Process Corner)
  Requirement:            10.000ns  (sys_clk_pin rise@10.000ns - sys_clk_pin rise@0.000ns)
  Data Path Delay:        3.869ns  (logic 0.828ns (21.401%)  route 3.041ns (78.599%))
  Logic Levels:           3  (LUT4=2 LUT5=1)
  Clock Path Skew:        -0.030ns (DCD - SCD + CPR)
    Destination Clock Delay (DCD):    4.843ns = ( 14.843 - 10.000 ) 
    Source Clock Delay      (SCD):    5.147ns
    Clock Pessimism Removal (CPR):    0.274ns
  Clock Uncertainty:      0.035ns  ((TSJ^2 + TIJ^2)^1/2 + DJ) / 2 + PE
    Total System Jitter     (TSJ):    0.071ns
    Total Input Jitter      (TIJ):    0.000ns
    Discrete Jitter          (DJ):    0.000ns
    Phase Error              (PE):    0.000ns

    Location             Delay type                Incr(ns)  Path(ns)    Netlist Resource(s)
  -------------------------------------------------------------------    -------------------
                         (clock sys_clk_pin rise edge)
                                                      0.000     0.000 r  
    W5                                                0.000     0.000 r  Clk (IN)
                         net (fo=0)                   0.000     0.000    Clk
    W5                   IBUF (Prop_ibuf_I_O)         1.458     1.458 r  Clk_IBUF_inst/O
                         net (fo=1, routed)           1.967     3.425    Clk_IBUF
    BUFGCTRL_X0Y0        BUFG (Prop_bufg_I_O)         0.096     3.521 r  Clk_IBUF_BUFG_inst/O
                         net (fo=34, routed)          1.626     5.147    NanoProcessor/slow_clock_0/Clk_IBUF_BUFG
    SLICE_X62Y19         FDRE                                         r  NanoProcessor/slow_clock_0/count_reg[12]/C
  -------------------------------------------------------------------    -------------------
    SLICE_X62Y19         FDRE (Prop_fdre_C_Q)         0.456     5.603 f  NanoProcessor/slow_clock_0/count_reg[12]/Q
                         net (fo=2, routed)           0.813     6.416    NanoProcessor/slow_clock_0/count[12]
    SLICE_X63Y20         LUT4 (Prop_lut4_I1_O)        0.124     6.540 f  NanoProcessor/slow_clock_0/count[31]_i_6/O
                         net (fo=1, routed)           0.634     7.174    NanoProcessor/slow_clock_0/count[31]_i_6_n_0
    SLICE_X63Y19         LUT5 (Prop_lut5_I4_O)        0.124     7.298 f  NanoProcessor/slow_clock_0/count[31]_i_2/O
                         net (fo=3, routed)           0.792     8.091    NanoProcessor/slow_clock_0/count[31]_i_2_n_0
    SLICE_X63Y20         LUT4 (Prop_lut4_I0_O)        0.124     8.215 r  NanoProcessor/slow_clock_0/count[31]_i_1/O
                         net (fo=31, routed)          0.801     9.016    NanoProcessor/slow_clock_0/count[31]_i_1_n_0
    SLICE_X62Y24         FDRE                                         r  NanoProcessor/slow_clock_0/count_reg[29]/R
  -------------------------------------------------------------------    -------------------

                         (clock sys_clk_pin rise edge)
                                                     10.000    10.000 r  
    W5                                                0.000    10.000 r  Clk (IN)
                         net (fo=0)                   0.000    10.000    Clk
    W5                   IBUF (Prop_ibuf_I_O)         1.388    11.388 r  Clk_IBUF_inst/O
                         net (fo=1, routed)           1.862    13.250    Clk_IBUF
    BUFGCTRL_X0Y0        BUFG (Prop_bufg_I_O)         0.091    13.341 r  Clk_IBUF_BUFG_inst/O
                         net (fo=34, routed)          1.502    14.843    NanoProcessor/slow_clock_0/Clk_IBUF_BUFG
    SLICE_X62Y24         FDRE                                         r  NanoProcessor/slow_clock_0/count_reg[29]/C
                         clock pessimism              0.274    15.117    
                         clock uncertainty           -0.035    15.082    
    SLICE_X62Y24         FDRE (Setup_fdre_C_R)       -0.429    14.653    NanoProcessor/slow_clock_0/count_reg[29]
  -------------------------------------------------------------------
                         required time                         14.653    
                         arrival time                          -9.016    
  -------------------------------------------------------------------
                         slack                                  5.637    

Slack (MET) :             5.637ns  (required time - arrival time)
  Source:                 NanoProcessor/slow_clock_0/count_reg[12]/C
                            (rising edge-triggered cell FDRE clocked by sys_clk_pin  {rise@0.000ns fall@5.000ns period=10.000ns})
  Destination:            NanoProcessor/slow_clock_0/count_reg[30]/R
                            (rising edge-triggered cell FDRE clocked by sys_clk_pin  {rise@0.000ns fall@5.000ns period=10.000ns})
  Path Group:             sys_clk_pin
  Path Type:              Setup (Max at Slow Process Corner)
  Requirement:            10.000ns  (sys_clk_pin rise@10.000ns - sys_clk_pin rise@0.000ns)
  Data Path Delay:        3.869ns  (logic 0.828ns (21.401%)  route 3.041ns (78.599%))
  Logic Levels:           3  (LUT4=2 LUT5=1)
  Clock Path Skew:        -0.030ns (DCD - SCD + CPR)
    Destination Clock Delay (DCD):    4.843ns = ( 14.843 - 10.000 ) 
    Source Clock Delay      (SCD):    5.147ns
    Clock Pessimism Removal (CPR):    0.274ns
  Clock Uncertainty:      0.035ns  ((TSJ^2 + TIJ^2)^1/2 + DJ) / 2 + PE
    Total System Jitter     (TSJ):    0.071ns
    Total Input Jitter      (TIJ):    0.000ns
    Discrete Jitter          (DJ):    0.000ns
    Phase Error              (PE):    0.000ns

    Location             Delay type                Incr(ns)  Path(ns)    Netlist Resource(s)
  -------------------------------------------------------------------    -------------------
                         (clock sys_clk_pin rise edge)
                                                      0.000     0.000 r  
    W5                                                0.000     0.000 r  Clk (IN)
                         net (fo=0)                   0.000     0.000    Clk
    W5                   IBUF (Prop_ibuf_I_O)         1.458     1.458 r  Clk_IBUF_inst/O
                         net (fo=1, routed)           1.967     3.425    Clk_IBUF
    BUFGCTRL_X0Y0        BUFG (Prop_bufg_I_O)         0.096     3.521 r  Clk_IBUF_BUFG_inst/O
                         net (fo=34, routed)          1.626     5.147    NanoProcessor/slow_clock_0/Clk_IBUF_BUFG
    SLICE_X62Y19         FDRE                                         r  NanoProcessor/slow_clock_0/count_reg[12]/C
  -------------------------------------------------------------------    -------------------
    SLICE_X62Y19         FDRE (Prop_fdre_C_Q)         0.456     5.603 f  NanoProcessor/slow_clock_0/count_reg[12]/Q
                         net (fo=2, routed)           0.813     6.416    NanoProcessor/slow_clock_0/count[12]
    SLICE_X63Y20         LUT4 (Prop_lut4_I1_O)        0.124     6.540 f  NanoProcessor/slow_clock_0/count[31]_i_6/O
                         net (fo=1, routed)           0.634     7.174    NanoProcessor/slow_clock_0/count[31]_i_6_n_0
    SLICE_X63Y19         LUT5 (Prop_lut5_I4_O)        0.124     7.298 f  NanoProcessor/slow_clock_0/count[31]_i_2/O
                         net (fo=3, routed)           0.792     8.091    NanoProcessor/slow_clock_0/count[31]_i_2_n_0
    SLICE_X63Y20         LUT4 (Prop_lut4_I0_O)        0.124     8.215 r  NanoProcessor/slow_clock_0/count[31]_i_1/O
                         net (fo=31, routed)          0.801     9.016    NanoProcessor/slow_clock_0/count[31]_i_1_n_0
    SLICE_X62Y24         FDRE                                         r  NanoProcessor/slow_clock_0/count_reg[30]/R
  -------------------------------------------------------------------    -------------------

                         (clock sys_clk_pin rise edge)
                                                     10.000    10.000 r  
    W5                                                0.000    10.000 r  Clk (IN)
                         net (fo=0)                   0.000    10.000    Clk
    W5                   IBUF (Prop_ibuf_I_O)         1.388    11.388 r  Clk_IBUF_inst/O
                         net (fo=1, routed)           1.862    13.250    Clk_IBUF
    BUFGCTRL_X0Y0        BUFG (Prop_bufg_I_O)         0.091    13.341 r  Clk_IBUF_BUFG_inst/O
                         net (fo=34, routed)          1.502    14.843    NanoProcessor/slow_clock_0/Clk_IBUF_BUFG
    SLICE_X62Y24         FDRE                                         r  NanoProcessor/slow_clock_0/count_reg[30]/C
                         clock pessimism              0.274    15.117    
                         clock uncertainty           -0.035    15.082    
    SLICE_X62Y24         FDRE (Setup_fdre_C_R)       -0.429    14.653    NanoProcessor/slow_clock_0/count_reg[30]
  -------------------------------------------------------------------
                         required time                         14.653    
                         arrival time                          -9.016    
  -------------------------------------------------------------------
                         slack                                  5.637    

Slack (MET) :             5.637ns  (required time - arrival time)
  Source:                 NanoProcessor/slow_clock_0/count_reg[12]/C
                            (rising edge-triggered cell FDRE clocked by sys_clk_pin  {rise@0.000ns fall@5.000ns period=10.000ns})
  Destination:            NanoProcessor/slow_clock_0/count_reg[31]/R
                            (rising edge-triggered cell FDRE clocked by sys_clk_pin  {rise@0.000ns fall@5.000ns period=10.000ns})
  Path Group:             sys_clk_pin
  Path Type:              Setup (Max at Slow Process Corner)
  Requirement:            10.000ns  (sys_clk_pin rise@10.000ns - sys_clk_pin rise@0.000ns)
  Data Path Delay:        3.869ns  (logic 0.828ns (21.401%)  route 3.041ns (78.599%))
  Logic Levels:           3  (LUT4=2 LUT5=1)
  Clock Path Skew:        -0.030ns (DCD - SCD + CPR)
    Destination Clock Delay (DCD):    4.843ns = ( 14.843 - 10.000 ) 
    Source Clock Delay      (SCD):    5.147ns
    Clock Pessimism Removal (CPR):    0.274ns
  Clock Uncertainty:      0.035ns  ((TSJ^2 + TIJ^2)^1/2 + DJ) / 2 + PE
    Total System Jitter     (TSJ):    0.071ns
    Total Input Jitter      (TIJ):    0.000ns
    Discrete Jitter          (DJ):    0.000ns
    Phase Error              (PE):    0.000ns

    Location             Delay type                Incr(ns)  Path(ns)    Netlist Resource(s)
  -------------------------------------------------------------------    -------------------
                         (clock sys_clk_pin rise edge)
                                                      0.000     0.000 r  
    W5                                                0.000     0.000 r  Clk (IN)
                         net (fo=0)                   0.000     0.000    Clk
    W5                   IBUF (Prop_ibuf_I_O)         1.458     1.458 r  Clk_IBUF_inst/O
                         net (fo=1, routed)           1.967     3.425    Clk_IBUF
    BUFGCTRL_X0Y0        BUFG (Prop_bufg_I_O)         0.096     3.521 r  Clk_IBUF_BUFG_inst/O
                         net (fo=34, routed)          1.626     5.147    NanoProcessor/slow_clock_0/Clk_IBUF_BUFG
    SLICE_X62Y19         FDRE                                         r  NanoProcessor/slow_clock_0/count_reg[12]/C
  -------------------------------------------------------------------    -------------------
    SLICE_X62Y19         FDRE (Prop_fdre_C_Q)         0.456     5.603 f  NanoProcessor/slow_clock_0/count_reg[12]/Q
                         net (fo=2, routed)           0.813     6.416    NanoProcessor/slow_clock_0/count[12]
    SLICE_X63Y20         LUT4 (Prop_lut4_I1_O)        0.124     6.540 f  NanoProcessor/slow_clock_0/count[31]_i_6/O
                         net (fo=1, routed)           0.634     7.174    NanoProcessor/slow_clock_0/count[31]_i_6_n_0
    SLICE_X63Y19         LUT5 (Prop_lut5_I4_O)        0.124     7.298 f  NanoProcessor/slow_clock_0/count[31]_i_2/O
                         net (fo=3, routed)           0.792     8.091    NanoProcessor/slow_clock_0/count[31]_i_2_n_0
    SLICE_X63Y20         LUT4 (Prop_lut4_I0_O)        0.124     8.215 r  NanoProcessor/slow_clock_0/count[31]_i_1/O
                         net (fo=31, routed)          0.801     9.016    NanoProcessor/slow_clock_0/count[31]_i_1_n_0
    SLICE_X62Y24         FDRE                                         r  NanoProcessor/slow_clock_0/count_reg[31]/R
  -------------------------------------------------------------------    -------------------

                         (clock sys_clk_pin rise edge)
                                                     10.000    10.000 r  
    W5                                                0.000    10.000 r  Clk (IN)
                         net (fo=0)                   0.000    10.000    Clk
    W5                   IBUF (Prop_ibuf_I_O)         1.388    11.388 r  Clk_IBUF_inst/O
                         net (fo=1, routed)           1.862    13.250    Clk_IBUF
    BUFGCTRL_X0Y0        BUFG (Prop_bufg_I_O)         0.091    13.341 r  Clk_IBUF_BUFG_inst/O
                         net (fo=34, routed)          1.502    14.843    NanoProcessor/slow_clock_0/Clk_IBUF_BUFG
    SLICE_X62Y24         FDRE                                         r  NanoProcessor/slow_clock_0/count_reg[31]/C
                         clock pessimism              0.274    15.117    
                         clock uncertainty           -0.035    15.082    
    SLICE_X62Y24         FDRE (Setup_fdre_C_R)       -0.429    14.653    NanoProcessor/slow_clock_0/count_reg[31]
  -------------------------------------------------------------------
                         required time                         14.653    
                         arrival time                          -9.016    
  -------------------------------------------------------------------
                         slack                                  5.637    

Slack (MET) :             5.777ns  (required time - arrival time)
  Source:                 NanoProcessor/slow_clock_0/count_reg[12]/C
                            (rising edge-triggered cell FDRE clocked by sys_clk_pin  {rise@0.000ns fall@5.000ns period=10.000ns})
  Destination:            NanoProcessor/slow_clock_0/count_reg[25]/R
                            (rising edge-triggered cell FDRE clocked by sys_clk_pin  {rise@0.000ns fall@5.000ns period=10.000ns})
  Path Group:             sys_clk_pin
  Path Type:              Setup (Max at Slow Process Corner)
  Requirement:            10.000ns  (sys_clk_pin rise@10.000ns - sys_clk_pin rise@0.000ns)
  Data Path Delay:        3.731ns  (logic 0.828ns (22.195%)  route 2.903ns (77.805%))
  Logic Levels:           3  (LUT4=2 LUT5=1)
  Clock Path Skew:        -0.028ns (DCD - SCD + CPR)
    Destination Clock Delay (DCD):    4.845ns = ( 14.845 - 10.000 ) 
    Source Clock Delay      (SCD):    5.147ns
    Clock Pessimism Removal (CPR):    0.274ns
  Clock Uncertainty:      0.035ns  ((TSJ^2 + TIJ^2)^1/2 + DJ) / 2 + PE
    Total System Jitter     (TSJ):    0.071ns
    Total Input Jitter      (TIJ):    0.000ns
    Discrete Jitter          (DJ):    0.000ns
    Phase Error              (PE):    0.000ns

    Location             Delay type                Incr(ns)  Path(ns)    Netlist Resource(s)
  -------------------------------------------------------------------    -------------------
                         (clock sys_clk_pin rise edge)
                                                      0.000     0.000 r  
    W5                                                0.000     0.000 r  Clk (IN)
                         net (fo=0)                   0.000     0.000    Clk
    W5                   IBUF (Prop_ibuf_I_O)         1.458     1.458 r  Clk_IBUF_inst/O
                         net (fo=1, routed)           1.967     3.425    Clk_IBUF
    BUFGCTRL_X0Y0        BUFG (Prop_bufg_I_O)         0.096     3.521 r  Clk_IBUF_BUFG_inst/O
                         net (fo=34, routed)          1.626     5.147    NanoProcessor/slow_clock_0/Clk_IBUF_BUFG
    SLICE_X62Y19         FDRE                                         r  NanoProcessor/slow_clock_0/count_reg[12]/C
  -------------------------------------------------------------------    -------------------
    SLICE_X62Y19         FDRE (Prop_fdre_C_Q)         0.456     5.603 f  NanoProcessor/slow_clock_0/count_reg[12]/Q
                         net (fo=2, routed)           0.813     6.416    NanoProcessor/slow_clock_0/count[12]
    SLICE_X63Y20         LUT4 (Prop_lut4_I1_O)        0.124     6.540 f  NanoProcessor/slow_clock_0/count[31]_i_6/O
                         net (fo=1, routed)           0.634     7.174    NanoProcessor/slow_clock_0/count[31]_i_6_n_0
    SLICE_X63Y19         LUT5 (Prop_lut5_I4_O)        0.124     7.298 f  NanoProcessor/slow_clock_0/count[31]_i_2/O
                         net (fo=3, routed)           0.792     8.091    NanoProcessor/slow_clock_0/count[31]_i_2_n_0
    SLICE_X63Y20         LUT4 (Prop_lut4_I0_O)        0.124     8.215 r  NanoProcessor/slow_clock_0/count[31]_i_1/O
                         net (fo=31, routed)          0.663     8.878    NanoProcessor/slow_clock_0/count[31]_i_1_n_0
    SLICE_X62Y23         FDRE                                         r  NanoProcessor/slow_clock_0/count_reg[25]/R
  -------------------------------------------------------------------    -------------------

                         (clock sys_clk_pin rise edge)
                                                     10.000    10.000 r  
    W5                                                0.000    10.000 r  Clk (IN)
                         net (fo=0)                   0.000    10.000    Clk
    W5                   IBUF (Prop_ibuf_I_O)         1.388    11.388 r  Clk_IBUF_inst/O
                         net (fo=1, routed)           1.862    13.250    Clk_IBUF
    BUFGCTRL_X0Y0        BUFG (Prop_bufg_I_O)         0.091    13.341 r  Clk_IBUF_BUFG_inst/O
                         net (fo=34, routed)          1.504    14.845    NanoProcessor/slow_clock_0/Clk_IBUF_BUFG
    SLICE_X62Y23         FDRE                                         r  NanoProcessor/slow_clock_0/count_reg[25]/C
                         clock pessimism              0.274    15.119    
                         clock uncertainty           -0.035    15.084    
    SLICE_X62Y23         FDRE (Setup_fdre_C_R)       -0.429    14.655    NanoProcessor/slow_clock_0/count_reg[25]
  -------------------------------------------------------------------
                         required time                         14.655    
                         arrival time                          -8.878    
  -------------------------------------------------------------------
                         slack                                  5.777    

Slack (MET) :             5.777ns  (required time - arrival time)
  Source:                 NanoProcessor/slow_clock_0/count_reg[12]/C
                            (rising edge-triggered cell FDRE clocked by sys_clk_pin  {rise@0.000ns fall@5.000ns period=10.000ns})
  Destination:            NanoProcessor/slow_clock_0/count_reg[26]/R
                            (rising edge-triggered cell FDRE clocked by sys_clk_pin  {rise@0.000ns fall@5.000ns period=10.000ns})
  Path Group:             sys_clk_pin
  Path Type:              Setup (Max at Slow Process Corner)
  Requirement:            10.000ns  (sys_clk_pin rise@10.000ns - sys_clk_pin rise@0.000ns)
  Data Path Delay:        3.731ns  (logic 0.828ns (22.195%)  route 2.903ns (77.805%))
  Logic Levels:           3  (LUT4=2 LUT5=1)
  Clock Path Skew:        -0.028ns (DCD - SCD + CPR)
    Destination Clock Delay (DCD):    4.845ns = ( 14.845 - 10.000 ) 
    Source Clock Delay      (SCD):    5.147ns
    Clock Pessimism Removal (CPR):    0.274ns
  Clock Uncertainty:      0.035ns  ((TSJ^2 + TIJ^2)^1/2 + DJ) / 2 + PE
    Total System Jitter     (TSJ):    0.071ns
    Total Input Jitter      (TIJ):    0.000ns
    Discrete Jitter          (DJ):    0.000ns
    Phase Error              (PE):    0.000ns

    Location             Delay type                Incr(ns)  Path(ns)    Netlist Resource(s)
  -------------------------------------------------------------------    -------------------
                         (clock sys_clk_pin rise edge)
                                                      0.000     0.000 r  
    W5                                                0.000     0.000 r  Clk (IN)
                         net (fo=0)                   0.000     0.000    Clk
    W5                   IBUF (Prop_ibuf_I_O)         1.458     1.458 r  Clk_IBUF_inst/O
                         net (fo=1, routed)           1.967     3.425    Clk_IBUF
    BUFGCTRL_X0Y0        BUFG (Prop_bufg_I_O)         0.096     3.521 r  Clk_IBUF_BUFG_inst/O
                         net (fo=34, routed)          1.626     5.147    NanoProcessor/slow_clock_0/Clk_IBUF_BUFG
    SLICE_X62Y19         FDRE                                         r  NanoProcessor/slow_clock_0/count_reg[12]/C
  -------------------------------------------------------------------    -------------------
    SLICE_X62Y19         FDRE (Prop_fdre_C_Q)         0.456     5.603 f  NanoProcessor/slow_clock_0/count_reg[12]/Q
                         net (fo=2, routed)           0.813     6.416    NanoProcessor/slow_clock_0/count[12]
    SLICE_X63Y20         LUT4 (Prop_lut4_I1_O)        0.124     6.540 f  NanoProcessor/slow_clock_0/count[31]_i_6/O
                         net (fo=1, routed)           0.634     7.174    NanoProcessor/slow_clock_0/count[31]_i_6_n_0
    SLICE_X63Y19         LUT5 (Prop_lut5_I4_O)        0.124     7.298 f  NanoProcessor/slow_clock_0/count[31]_i_2/O
                         net (fo=3, routed)           0.792     8.091    NanoProcessor/slow_clock_0/count[31]_i_2_n_0
    SLICE_X63Y20         LUT4 (Prop_lut4_I0_O)        0.124     8.215 r  NanoProcessor/slow_clock_0/count[31]_i_1/O
                         net (fo=31, routed)          0.663     8.878    NanoProcessor/slow_clock_0/count[31]_i_1_n_0
    SLICE_X62Y23         FDRE                                         r  NanoProcessor/slow_clock_0/count_reg[26]/R
  -------------------------------------------------------------------    -------------------

                         (clock sys_clk_pin rise edge)
                                                     10.000    10.000 r  
    W5                                                0.000    10.000 r  Clk (IN)
                         net (fo=0)                   0.000    10.000    Clk
    W5                   IBUF (Prop_ibuf_I_O)         1.388    11.388 r  Clk_IBUF_inst/O
                         net (fo=1, routed)           1.862    13.250    Clk_IBUF
    BUFGCTRL_X0Y0        BUFG (Prop_bufg_I_O)         0.091    13.341 r  Clk_IBUF_BUFG_inst/O
                         net (fo=34, routed)          1.504    14.845    NanoProcessor/slow_clock_0/Clk_IBUF_BUFG
    SLICE_X62Y23         FDRE                                         r  NanoProcessor/slow_clock_0/count_reg[26]/C
                         clock pessimism              0.274    15.119    
                         clock uncertainty           -0.035    15.084    
    SLICE_X62Y23         FDRE (Setup_fdre_C_R)       -0.429    14.655    NanoProcessor/slow_clock_0/count_reg[26]
  -------------------------------------------------------------------
                         required time                         14.655    
                         arrival time                          -8.878    
  -------------------------------------------------------------------
                         slack                                  5.777    

Slack (MET) :             5.777ns  (required time - arrival time)
  Source:                 NanoProcessor/slow_clock_0/count_reg[12]/C
                            (rising edge-triggered cell FDRE clocked by sys_clk_pin  {rise@0.000ns fall@5.000ns period=10.000ns})
  Destination:            NanoProcessor/slow_clock_0/count_reg[27]/R
                            (rising edge-triggered cell FDRE clocked by sys_clk_pin  {rise@0.000ns fall@5.000ns period=10.000ns})
  Path Group:             sys_clk_pin
  Path Type:              Setup (Max at Slow Process Corner)
  Requirement:            10.000ns  (sys_clk_pin rise@10.000ns - sys_clk_pin rise@0.000ns)
  Data Path Delay:        3.731ns  (logic 0.828ns (22.195%)  route 2.903ns (77.805%))
  Logic Levels:           3  (LUT4=2 LUT5=1)
  Clock Path Skew:        -0.028ns (DCD - SCD + CPR)
    Destination Clock Delay (DCD):    4.845ns = ( 14.845 - 10.000 ) 
    Source Clock Delay      (SCD):    5.147ns
    Clock Pessimism Removal (CPR):    0.274ns
  Clock Uncertainty:      0.035ns  ((TSJ^2 + TIJ^2)^1/2 + DJ) / 2 + PE
    Total System Jitter     (TSJ):    0.071ns
    Total Input Jitter      (TIJ):    0.000ns
    Discrete Jitter          (DJ):    0.000ns
    Phase Error              (PE):    0.000ns

    Location             Delay type                Incr(ns)  Path(ns)    Netlist Resource(s)
  -------------------------------------------------------------------    -------------------
                         (clock sys_clk_pin rise edge)
                                                      0.000     0.000 r  
    W5                                                0.000     0.000 r  Clk (IN)
                         net (fo=0)                   0.000     0.000    Clk
    W5                   IBUF (Prop_ibuf_I_O)         1.458     1.458 r  Clk_IBUF_inst/O
                         net (fo=1, routed)           1.967     3.425    Clk_IBUF
    BUFGCTRL_X0Y0        BUFG (Prop_bufg_I_O)         0.096     3.521 r  Clk_IBUF_BUFG_inst/O
                         net (fo=34, routed)          1.626     5.147    NanoProcessor/slow_clock_0/Clk_IBUF_BUFG
    SLICE_X62Y19         FDRE                                         r  NanoProcessor/slow_clock_0/count_reg[12]/C
  -------------------------------------------------------------------    -------------------
    SLICE_X62Y19         FDRE (Prop_fdre_C_Q)         0.456     5.603 f  NanoProcessor/slow_clock_0/count_reg[12]/Q
                         net (fo=2, routed)           0.813     6.416    NanoProcessor/slow_clock_0/count[12]
    SLICE_X63Y20         LUT4 (Prop_lut4_I1_O)        0.124     6.540 f  NanoProcessor/slow_clock_0/count[31]_i_6/O
                         net (fo=1, routed)           0.634     7.174    NanoProcessor/slow_clock_0/count[31]_i_6_n_0
    SLICE_X63Y19         LUT5 (Prop_lut5_I4_O)        0.124     7.298 f  NanoProcessor/slow_clock_0/count[31]_i_2/O
                         net (fo=3, routed)           0.792     8.091    NanoProcessor/slow_clock_0/count[31]_i_2_n_0
    SLICE_X63Y20         LUT4 (Prop_lut4_I0_O)        0.124     8.215 r  NanoProcessor/slow_clock_0/count[31]_i_1/O
                         net (fo=31, routed)          0.663     8.878    NanoProcessor/slow_clock_0/count[31]_i_1_n_0
    SLICE_X62Y23         FDRE                                         r  NanoProcessor/slow_clock_0/count_reg[27]/R
  -------------------------------------------------------------------    -------------------

                         (clock sys_clk_pin rise edge)
                                                     10.000    10.000 r  
    W5                                                0.000    10.000 r  Clk (IN)
                         net (fo=0)                   0.000    10.000    Clk
    W5                   IBUF (Prop_ibuf_I_O)         1.388    11.388 r  Clk_IBUF_inst/O
                         net (fo=1, routed)           1.862    13.250    Clk_IBUF
    BUFGCTRL_X0Y0        BUFG (Prop_bufg_I_O)         0.091    13.341 r  Clk_IBUF_BUFG_inst/O
                         net (fo=34, routed)          1.504    14.845    NanoProcessor/slow_clock_0/Clk_IBUF_BUFG
    SLICE_X62Y23         FDRE                                         r  NanoProcessor/slow_clock_0/count_reg[27]/C
                         clock pessimism              0.274    15.119    
                         clock uncertainty           -0.035    15.084    
    SLICE_X62Y23         FDRE (Setup_fdre_C_R)       -0.429    14.655    NanoProcessor/slow_clock_0/count_reg[27]
  -------------------------------------------------------------------
                         required time                         14.655    
                         arrival time                          -8.878    
  -------------------------------------------------------------------
                         slack                                  5.777    

Slack (MET) :             5.777ns  (required time - arrival time)
  Source:                 NanoProcessor/slow_clock_0/count_reg[12]/C
                            (rising edge-triggered cell FDRE clocked by sys_clk_pin  {rise@0.000ns fall@5.000ns period=10.000ns})
  Destination:            NanoProcessor/slow_clock_0/count_reg[28]/R
                            (rising edge-triggered cell FDRE clocked by sys_clk_pin  {rise@0.000ns fall@5.000ns period=10.000ns})
  Path Group:             sys_clk_pin
  Path Type:              Setup (Max at Slow Process Corner)
  Requirement:            10.000ns  (sys_clk_pin rise@10.000ns - sys_clk_pin rise@0.000ns)
  Data Path Delay:        3.731ns  (logic 0.828ns (22.195%)  route 2.903ns (77.805%))
  Logic Levels:           3  (LUT4=2 LUT5=1)
  Clock Path Skew:        -0.028ns (DCD - SCD + CPR)
    Destination Clock Delay (DCD):    4.845ns = ( 14.845 - 10.000 ) 
    Source Clock Delay      (SCD):    5.147ns
    Clock Pessimism Removal (CPR):    0.274ns
  Clock Uncertainty:      0.035ns  ((TSJ^2 + TIJ^2)^1/2 + DJ) / 2 + PE
    Total System Jitter     (TSJ):    0.071ns
    Total Input Jitter      (TIJ):    0.000ns
    Discrete Jitter          (DJ):    0.000ns
    Phase Error              (PE):    0.000ns

    Location             Delay type                Incr(ns)  Path(ns)    Netlist Resource(s)
  -------------------------------------------------------------------    -------------------
                         (clock sys_clk_pin rise edge)
                                                      0.000     0.000 r  
    W5                                                0.000     0.000 r  Clk (IN)
                         net (fo=0)                   0.000     0.000    Clk
    W5                   IBUF (Prop_ibuf_I_O)         1.458     1.458 r  Clk_IBUF_inst/O
                         net (fo=1, routed)           1.967     3.425    Clk_IBUF
    BUFGCTRL_X0Y0        BUFG (Prop_bufg_I_O)         0.096     3.521 r  Clk_IBUF_BUFG_inst/O
                         net (fo=34, routed)          1.626     5.147    NanoProcessor/slow_clock_0/Clk_IBUF_BUFG
    SLICE_X62Y19         FDRE                                         r  NanoProcessor/slow_clock_0/count_reg[12]/C
  -------------------------------------------------------------------    -------------------
    SLICE_X62Y19         FDRE (Prop_fdre_C_Q)         0.456     5.603 f  NanoProcessor/slow_clock_0/count_reg[12]/Q
                         net (fo=2, routed)           0.813     6.416    NanoProcessor/slow_clock_0/count[12]
    SLICE_X63Y20         LUT4 (Prop_lut4_I1_O)        0.124     6.540 f  NanoProcessor/slow_clock_0/count[31]_i_6/O
                         net (fo=1, routed)           0.634     7.174    NanoProcessor/slow_clock_0/count[31]_i_6_n_0
    SLICE_X63Y19         LUT5 (Prop_lut5_I4_O)        0.124     7.298 f  NanoProcessor/slow_clock_0/count[31]_i_2/O
                         net (fo=3, routed)           0.792     8.091    NanoProcessor/slow_clock_0/count[31]_i_2_n_0
    SLICE_X63Y20         LUT4 (Prop_lut4_I0_O)        0.124     8.215 r  NanoProcessor/slow_clock_0/count[31]_i_1/O
                         net (fo=31, routed)          0.663     8.878    NanoProcessor/slow_clock_0/count[31]_i_1_n_0
    SLICE_X62Y23         FDRE                                         r  NanoProcessor/slow_clock_0/count_reg[28]/R
  -------------------------------------------------------------------    -------------------

                         (clock sys_clk_pin rise edge)
                                                     10.000    10.000 r  
    W5                                                0.000    10.000 r  Clk (IN)
                         net (fo=0)                   0.000    10.000    Clk
    W5                   IBUF (Prop_ibuf_I_O)         1.388    11.388 r  Clk_IBUF_inst/O
                         net (fo=1, routed)           1.862    13.250    Clk_IBUF
    BUFGCTRL_X0Y0        BUFG (Prop_bufg_I_O)         0.091    13.341 r  Clk_IBUF_BUFG_inst/O
                         net (fo=34, routed)          1.504    14.845    NanoProcessor/slow_clock_0/Clk_IBUF_BUFG
    SLICE_X62Y23         FDRE                                         r  NanoProcessor/slow_clock_0/count_reg[28]/C
                         clock pessimism              0.274    15.119    
                         clock uncertainty           -0.035    15.084    
    SLICE_X62Y23         FDRE (Setup_fdre_C_R)       -0.429    14.655    NanoProcessor/slow_clock_0/count_reg[28]
  -------------------------------------------------------------------
                         required time                         14.655    
                         arrival time                          -8.878    
  -------------------------------------------------------------------
                         slack                                  5.777    

Slack (MET) :             5.779ns  (required time - arrival time)
  Source:                 NanoProcessor/slow_clock_0/count_reg[12]/C
                            (rising edge-triggered cell FDRE clocked by sys_clk_pin  {rise@0.000ns fall@5.000ns period=10.000ns})
  Destination:            NanoProcessor/slow_clock_0/count_reg[13]/R
                            (rising edge-triggered cell FDRE clocked by sys_clk_pin  {rise@0.000ns fall@5.000ns period=10.000ns})
  Path Group:             sys_clk_pin
  Path Type:              Setup (Max at Slow Process Corner)
  Requirement:            10.000ns  (sys_clk_pin rise@10.000ns - sys_clk_pin rise@0.000ns)
  Data Path Delay:        3.733ns  (logic 0.828ns (22.183%)  route 2.905ns (77.817%))
  Logic Levels:           3  (LUT4=2 LUT5=1)
  Clock Path Skew:        -0.024ns (DCD - SCD + CPR)
    Destination Clock Delay (DCD):    4.849ns = ( 14.849 - 10.000 ) 
    Source Clock Delay      (SCD):    5.147ns
    Clock Pessimism Removal (CPR):    0.274ns
  Clock Uncertainty:      0.035ns  ((TSJ^2 + TIJ^2)^1/2 + DJ) / 2 + PE
    Total System Jitter     (TSJ):    0.071ns
    Total Input Jitter      (TIJ):    0.000ns
    Discrete Jitter          (DJ):    0.000ns
    Phase Error              (PE):    0.000ns

    Location             Delay type                Incr(ns)  Path(ns)    Netlist Resource(s)
  -------------------------------------------------------------------    -------------------
                         (clock sys_clk_pin rise edge)
                                                      0.000     0.000 r  
    W5                                                0.000     0.000 r  Clk (IN)
                         net (fo=0)                   0.000     0.000    Clk
    W5                   IBUF (Prop_ibuf_I_O)         1.458     1.458 r  Clk_IBUF_inst/O
                         net (fo=1, routed)           1.967     3.425    Clk_IBUF
    BUFGCTRL_X0Y0        BUFG (Prop_bufg_I_O)         0.096     3.521 r  Clk_IBUF_BUFG_inst/O
                         net (fo=34, routed)          1.626     5.147    NanoProcessor/slow_clock_0/Clk_IBUF_BUFG
    SLICE_X62Y19         FDRE                                         r  NanoProcessor/slow_clock_0/count_reg[12]/C
  -------------------------------------------------------------------    -------------------
    SLICE_X62Y19         FDRE (Prop_fdre_C_Q)         0.456     5.603 f  NanoProcessor/slow_clock_0/count_reg[12]/Q
                         net (fo=2, routed)           0.813     6.416    NanoProcessor/slow_clock_0/count[12]
    SLICE_X63Y20         LUT4 (Prop_lut4_I1_O)        0.124     6.540 f  NanoProcessor/slow_clock_0/count[31]_i_6/O
                         net (fo=1, routed)           0.634     7.174    NanoProcessor/slow_clock_0/count[31]_i_6_n_0
    SLICE_X63Y19         LUT5 (Prop_lut5_I4_O)        0.124     7.298 f  NanoProcessor/slow_clock_0/count[31]_i_2/O
                         net (fo=3, routed)           0.792     8.091    NanoProcessor/slow_clock_0/count[31]_i_2_n_0
    SLICE_X63Y20         LUT4 (Prop_lut4_I0_O)        0.124     8.215 r  NanoProcessor/slow_clock_0/count[31]_i_1/O
                         net (fo=31, routed)          0.665     8.880    NanoProcessor/slow_clock_0/count[31]_i_1_n_0
    SLICE_X62Y20         FDRE                                         r  NanoProcessor/slow_clock_0/count_reg[13]/R
  -------------------------------------------------------------------    -------------------

                         (clock sys_clk_pin rise edge)
                                                     10.000    10.000 r  
    W5                                                0.000    10.000 r  Clk (IN)
                         net (fo=0)                   0.000    10.000    Clk
    W5                   IBUF (Prop_ibuf_I_O)         1.388    11.388 r  Clk_IBUF_inst/O
                         net (fo=1, routed)           1.862    13.250    Clk_IBUF
    BUFGCTRL_X0Y0        BUFG (Prop_bufg_I_O)         0.091    13.341 r  Clk_IBUF_BUFG_inst/O
                         net (fo=34, routed)          1.508    14.849    NanoProcessor/slow_clock_0/Clk_IBUF_BUFG
    SLICE_X62Y20         FDRE                                         r  NanoProcessor/slow_clock_0/count_reg[13]/C
                         clock pessimism              0.274    15.123    
                         clock uncertainty           -0.035    15.088    
    SLICE_X62Y20         FDRE (Setup_fdre_C_R)       -0.429    14.659    NanoProcessor/slow_clock_0/count_reg[13]
  -------------------------------------------------------------------
                         required time                         14.659    
                         arrival time                          -8.880    
  -------------------------------------------------------------------
                         slack                                  5.779    

Slack (MET) :             5.779ns  (required time - arrival time)
  Source:                 NanoProcessor/slow_clock_0/count_reg[12]/C
                            (rising edge-triggered cell FDRE clocked by sys_clk_pin  {rise@0.000ns fall@5.000ns period=10.000ns})
  Destination:            NanoProcessor/slow_clock_0/count_reg[14]/R
                            (rising edge-triggered cell FDRE clocked by sys_clk_pin  {rise@0.000ns fall@5.000ns period=10.000ns})
  Path Group:             sys_clk_pin
  Path Type:              Setup (Max at Slow Process Corner)
  Requirement:            10.000ns  (sys_clk_pin rise@10.000ns - sys_clk_pin rise@0.000ns)
  Data Path Delay:        3.733ns  (logic 0.828ns (22.183%)  route 2.905ns (77.817%))
  Logic Levels:           3  (LUT4=2 LUT5=1)
  Clock Path Skew:        -0.024ns (DCD - SCD + CPR)
    Destination Clock Delay (DCD):    4.849ns = ( 14.849 - 10.000 ) 
    Source Clock Delay      (SCD):    5.147ns
    Clock Pessimism Removal (CPR):    0.274ns
  Clock Uncertainty:      0.035ns  ((TSJ^2 + TIJ^2)^1/2 + DJ) / 2 + PE
    Total System Jitter     (TSJ):    0.071ns
    Total Input Jitter      (TIJ):    0.000ns
    Discrete Jitter          (DJ):    0.000ns
    Phase Error              (PE):    0.000ns

    Location             Delay type                Incr(ns)  Path(ns)    Netlist Resource(s)
  -------------------------------------------------------------------    -------------------
                         (clock sys_clk_pin rise edge)
                                                      0.000     0.000 r  
    W5                                                0.000     0.000 r  Clk (IN)
                         net (fo=0)                   0.000     0.000    Clk
    W5                   IBUF (Prop_ibuf_I_O)         1.458     1.458 r  Clk_IBUF_inst/O
                         net (fo=1, routed)           1.967     3.425    Clk_IBUF
    BUFGCTRL_X0Y0        BUFG (Prop_bufg_I_O)         0.096     3.521 r  Clk_IBUF_BUFG_inst/O
                         net (fo=34, routed)          1.626     5.147    NanoProcessor/slow_clock_0/Clk_IBUF_BUFG
    SLICE_X62Y19         FDRE                                         r  NanoProcessor/slow_clock_0/count_reg[12]/C
  -------------------------------------------------------------------    -------------------
    SLICE_X62Y19         FDRE (Prop_fdre_C_Q)         0.456     5.603 f  NanoProcessor/slow_clock_0/count_reg[12]/Q
                         net (fo=2, routed)           0.813     6.416    NanoProcessor/slow_clock_0/count[12]
    SLICE_X63Y20         LUT4 (Prop_lut4_I1_O)        0.124     6.540 f  NanoProcessor/slow_clock_0/count[31]_i_6/O
                         net (fo=1, routed)           0.634     7.174    NanoProcessor/slow_clock_0/count[31]_i_6_n_0
    SLICE_X63Y19         LUT5 (Prop_lut5_I4_O)        0.124     7.298 f  NanoProcessor/slow_clock_0/count[31]_i_2/O
                         net (fo=3, routed)           0.792     8.091    NanoProcessor/slow_clock_0/count[31]_i_2_n_0
    SLICE_X63Y20         LUT4 (Prop_lut4_I0_O)        0.124     8.215 r  NanoProcessor/slow_clock_0/count[31]_i_1/O
                         net (fo=31, routed)          0.665     8.880    NanoProcessor/slow_clock_0/count[31]_i_1_n_0
    SLICE_X62Y20         FDRE                                         r  NanoProcessor/slow_clock_0/count_reg[14]/R
  -------------------------------------------------------------------    -------------------

                         (clock sys_clk_pin rise edge)
                                                     10.000    10.000 r  
    W5                                                0.000    10.000 r  Clk (IN)
                         net (fo=0)                   0.000    10.000    Clk
    W5                   IBUF (Prop_ibuf_I_O)         1.388    11.388 r  Clk_IBUF_inst/O
                         net (fo=1, routed)           1.862    13.250    Clk_IBUF
    BUFGCTRL_X0Y0        BUFG (Prop_bufg_I_O)         0.091    13.341 r  Clk_IBUF_BUFG_inst/O
                         net (fo=34, routed)          1.508    14.849    NanoProcessor/slow_clock_0/Clk_IBUF_BUFG
    SLICE_X62Y20         FDRE                                         r  NanoProcessor/slow_clock_0/count_reg[14]/C
                         clock pessimism              0.274    15.123    
                         clock uncertainty           -0.035    15.088    
    SLICE_X62Y20         FDRE (Setup_fdre_C_R)       -0.429    14.659    NanoProcessor/slow_clock_0/count_reg[14]
  -------------------------------------------------------------------
                         required time                         14.659    
                         arrival time                          -8.880    
  -------------------------------------------------------------------
                         slack                                  5.779    

Slack (MET) :             5.779ns  (required time - arrival time)
  Source:                 NanoProcessor/slow_clock_0/count_reg[12]/C
                            (rising edge-triggered cell FDRE clocked by sys_clk_pin  {rise@0.000ns fall@5.000ns period=10.000ns})
  Destination:            NanoProcessor/slow_clock_0/count_reg[15]/R
                            (rising edge-triggered cell FDRE clocked by sys_clk_pin  {rise@0.000ns fall@5.000ns period=10.000ns})
  Path Group:             sys_clk_pin
  Path Type:              Setup (Max at Slow Process Corner)
  Requirement:            10.000ns  (sys_clk_pin rise@10.000ns - sys_clk_pin rise@0.000ns)
  Data Path Delay:        3.733ns  (logic 0.828ns (22.183%)  route 2.905ns (77.817%))
  Logic Levels:           3  (LUT4=2 LUT5=1)
  Clock Path Skew:        -0.024ns (DCD - SCD + CPR)
    Destination Clock Delay (DCD):    4.849ns = ( 14.849 - 10.000 ) 
    Source Clock Delay      (SCD):    5.147ns
    Clock Pessimism Removal (CPR):    0.274ns
  Clock Uncertainty:      0.035ns  ((TSJ^2 + TIJ^2)^1/2 + DJ) / 2 + PE
    Total System Jitter     (TSJ):    0.071ns
    Total Input Jitter      (TIJ):    0.000ns
    Discrete Jitter          (DJ):    0.000ns
    Phase Error              (PE):    0.000ns

    Location             Delay type                Incr(ns)  Path(ns)    Netlist Resource(s)
  -------------------------------------------------------------------    -------------------
                         (clock sys_clk_pin rise edge)
                                                      0.000     0.000 r  
    W5                                                0.000     0.000 r  Clk (IN)
                         net (fo=0)                   0.000     0.000    Clk
    W5                   IBUF (Prop_ibuf_I_O)         1.458     1.458 r  Clk_IBUF_inst/O
                         net (fo=1, routed)           1.967     3.425    Clk_IBUF
    BUFGCTRL_X0Y0        BUFG (Prop_bufg_I_O)         0.096     3.521 r  Clk_IBUF_BUFG_inst/O
                         net (fo=34, routed)          1.626     5.147    NanoProcessor/slow_clock_0/Clk_IBUF_BUFG
    SLICE_X62Y19         FDRE                                         r  NanoProcessor/slow_clock_0/count_reg[12]/C
  -------------------------------------------------------------------    -------------------
    SLICE_X62Y19         FDRE (Prop_fdre_C_Q)         0.456     5.603 f  NanoProcessor/slow_clock_0/count_reg[12]/Q
                         net (fo=2, routed)           0.813     6.416    NanoProcessor/slow_clock_0/count[12]
    SLICE_X63Y20         LUT4 (Prop_lut4_I1_O)        0.124     6.540 f  NanoProcessor/slow_clock_0/count[31]_i_6/O
                         net (fo=1, routed)           0.634     7.174    NanoProcessor/slow_clock_0/count[31]_i_6_n_0
    SLICE_X63Y19         LUT5 (Prop_lut5_I4_O)        0.124     7.298 f  NanoProcessor/slow_clock_0/count[31]_i_2/O
                         net (fo=3, routed)           0.792     8.091    NanoProcessor/slow_clock_0/count[31]_i_2_n_0
    SLICE_X63Y20         LUT4 (Prop_lut4_I0_O)        0.124     8.215 r  NanoProcessor/slow_clock_0/count[31]_i_1/O
                         net (fo=31, routed)          0.665     8.880    NanoProcessor/slow_clock_0/count[31]_i_1_n_0
    SLICE_X62Y20         FDRE                                         r  NanoProcessor/slow_clock_0/count_reg[15]/R
  -------------------------------------------------------------------    -------------------

                         (clock sys_clk_pin rise edge)
                                                     10.000    10.000 r  
    W5                                                0.000    10.000 r  Clk (IN)
                         net (fo=0)                   0.000    10.000    Clk
    W5                   IBUF (Prop_ibuf_I_O)         1.388    11.388 r  Clk_IBUF_inst/O
                         net (fo=1, routed)           1.862    13.250    Clk_IBUF
    BUFGCTRL_X0Y0        BUFG (Prop_bufg_I_O)         0.091    13.341 r  Clk_IBUF_BUFG_inst/O
                         net (fo=34, routed)          1.508    14.849    NanoProcessor/slow_clock_0/Clk_IBUF_BUFG
    SLICE_X62Y20         FDRE                                         r  NanoProcessor/slow_clock_0/count_reg[15]/C
                         clock pessimism              0.274    15.123    
                         clock uncertainty           -0.035    15.088    
    SLICE_X62Y20         FDRE (Setup_fdre_C_R)       -0.429    14.659    NanoProcessor/slow_clock_0/count_reg[15]
  -------------------------------------------------------------------
                         required time                         14.659    
                         arrival time                          -8.880    
  -------------------------------------------------------------------
                         slack                                  5.779    





Min Delay Paths
--------------------------------------------------------------------------------------
Slack (MET) :             0.263ns  (arrival time - required time)
  Source:                 NanoProcessor/slow_clock_0/Clk_out_reg/C
                            (rising edge-triggered cell FDRE clocked by sys_clk_pin  {rise@0.000ns fall@5.000ns period=10.000ns})
  Destination:            NanoProcessor/slow_clock_0/Clk_out_reg/D
                            (rising edge-triggered cell FDRE clocked by sys_clk_pin  {rise@0.000ns fall@5.000ns period=10.000ns})
  Path Group:             sys_clk_pin
  Path Type:              Hold (Min at Fast Process Corner)
  Requirement:            0.000ns  (sys_clk_pin rise@0.000ns - sys_clk_pin rise@0.000ns)
  Data Path Delay:        0.354ns  (logic 0.186ns (52.498%)  route 0.168ns (47.502%))
  Logic Levels:           1  (LUT6=1)
  Clock Path Skew:        0.000ns (DCD - SCD - CPR)
    Destination Clock Delay (DCD):    1.982ns
    Source Clock Delay      (SCD):    1.469ns
    Clock Pessimism Removal (CPR):    0.513ns

    Location             Delay type                Incr(ns)  Path(ns)    Netlist Resource(s)
  -------------------------------------------------------------------    -------------------
                         (clock sys_clk_pin rise edge)
                                                      0.000     0.000 r  
    W5                                                0.000     0.000 r  Clk (IN)
                         net (fo=0)                   0.000     0.000    Clk
    W5                   IBUF (Prop_ibuf_I_O)         0.226     0.226 r  Clk_IBUF_inst/O
                         net (fo=1, routed)           0.631     0.858    Clk_IBUF
    BUFGCTRL_X0Y0        BUFG (Prop_bufg_I_O)         0.026     0.884 r  Clk_IBUF_BUFG_inst/O
                         net (fo=34, routed)          0.586     1.469    NanoProcessor/slow_clock_0/Clk_IBUF_BUFG
    SLICE_X63Y20         FDRE                                         r  NanoProcessor/slow_clock_0/Clk_out_reg/C
  -------------------------------------------------------------------    -------------------
    SLICE_X63Y20         FDRE (Prop_fdre_C_Q)         0.141     1.610 r  NanoProcessor/slow_clock_0/Clk_out_reg/Q
                         net (fo=17, routed)          0.168     1.778    NanoProcessor/slow_clock_0/Clk_out_reg_0
    SLICE_X63Y20         LUT6 (Prop_lut6_I5_O)        0.045     1.823 r  NanoProcessor/slow_clock_0/Clk_out_i_1/O
                         net (fo=1, routed)           0.000     1.823    NanoProcessor/slow_clock_0/Clk_out_i_1_n_0
    SLICE_X63Y20         FDRE                                         r  NanoProcessor/slow_clock_0/Clk_out_reg/D
  -------------------------------------------------------------------    -------------------

                         (clock sys_clk_pin rise edge)
                                                      0.000     0.000 r  
    W5                                                0.000     0.000 r  Clk (IN)
                         net (fo=0)                   0.000     0.000    Clk
    W5                   IBUF (Prop_ibuf_I_O)         0.414     0.414 r  Clk_IBUF_inst/O
                         net (fo=1, routed)           0.685     1.099    Clk_IBUF
    BUFGCTRL_X0Y0        BUFG (Prop_bufg_I_O)         0.029     1.128 r  Clk_IBUF_BUFG_inst/O
                         net (fo=34, routed)          0.855     1.982    NanoProcessor/slow_clock_0/Clk_IBUF_BUFG
    SLICE_X63Y20         FDRE                                         r  NanoProcessor/slow_clock_0/Clk_out_reg/C
                         clock pessimism             -0.513     1.469    
    SLICE_X63Y20         FDRE (Hold_fdre_C_D)         0.091     1.560    NanoProcessor/slow_clock_0/Clk_out_reg
  -------------------------------------------------------------------
                         required time                         -1.560    
                         arrival time                           1.823    
  -------------------------------------------------------------------
                         slack                                  0.263    

Slack (MET) :             0.280ns  (arrival time - required time)
  Source:                 NanoProcessor/slow_clock_0/count_reg[23]/C
                            (rising edge-triggered cell FDRE clocked by sys_clk_pin  {rise@0.000ns fall@5.000ns period=10.000ns})
  Destination:            NanoProcessor/slow_clock_0/count_reg[23]/D
                            (rising edge-triggered cell FDRE clocked by sys_clk_pin  {rise@0.000ns fall@5.000ns period=10.000ns})
  Path Group:             sys_clk_pin
  Path Type:              Hold (Min at Fast Process Corner)
  Requirement:            0.000ns  (sys_clk_pin rise@0.000ns - sys_clk_pin rise@0.000ns)
  Data Path Delay:        0.385ns  (logic 0.252ns (65.529%)  route 0.133ns (34.471%))
  Logic Levels:           1  (CARRY4=1)
  Clock Path Skew:        0.000ns (DCD - SCD - CPR)
    Destination Clock Delay (DCD):    1.980ns
    Source Clock Delay      (SCD):    1.468ns
    Clock Pessimism Removal (CPR):    0.512ns

    Location             Delay type                Incr(ns)  Path(ns)    Netlist Resource(s)
  -------------------------------------------------------------------    -------------------
                         (clock sys_clk_pin rise edge)
                                                      0.000     0.000 r  
    W5                                                0.000     0.000 r  Clk (IN)
                         net (fo=0)                   0.000     0.000    Clk
    W5                   IBUF (Prop_ibuf_I_O)         0.226     0.226 r  Clk_IBUF_inst/O
                         net (fo=1, routed)           0.631     0.858    Clk_IBUF
    BUFGCTRL_X0Y0        BUFG (Prop_bufg_I_O)         0.026     0.884 r  Clk_IBUF_BUFG_inst/O
                         net (fo=34, routed)          0.585     1.468    NanoProcessor/slow_clock_0/Clk_IBUF_BUFG
    SLICE_X62Y22         FDRE                                         r  NanoProcessor/slow_clock_0/count_reg[23]/C
  -------------------------------------------------------------------    -------------------
    SLICE_X62Y22         FDRE (Prop_fdre_C_Q)         0.141     1.609 r  NanoProcessor/slow_clock_0/count_reg[23]/Q
                         net (fo=2, routed)           0.133     1.742    NanoProcessor/slow_clock_0/count[23]
    SLICE_X62Y22         CARRY4 (Prop_carry4_S[2]_O[2])
                                                      0.111     1.853 r  NanoProcessor/slow_clock_0/count0_carry__4/O[2]
                         net (fo=1, routed)           0.000     1.853    NanoProcessor/slow_clock_0/data0[23]
    SLICE_X62Y22         FDRE                                         r  NanoProcessor/slow_clock_0/count_reg[23]/D
  -------------------------------------------------------------------    -------------------

                         (clock sys_clk_pin rise edge)
                                                      0.000     0.000 r  
    W5                                                0.000     0.000 r  Clk (IN)
                         net (fo=0)                   0.000     0.000    Clk
    W5                   IBUF (Prop_ibuf_I_O)         0.414     0.414 r  Clk_IBUF_inst/O
                         net (fo=1, routed)           0.685     1.099    Clk_IBUF
    BUFGCTRL_X0Y0        BUFG (Prop_bufg_I_O)         0.029     1.128 r  Clk_IBUF_BUFG_inst/O
                         net (fo=34, routed)          0.853     1.980    NanoProcessor/slow_clock_0/Clk_IBUF_BUFG
    SLICE_X62Y22         FDRE                                         r  NanoProcessor/slow_clock_0/count_reg[23]/C
                         clock pessimism             -0.512     1.468    
    SLICE_X62Y22         FDRE (Hold_fdre_C_D)         0.105     1.573    NanoProcessor/slow_clock_0/count_reg[23]
  -------------------------------------------------------------------
                         required time                         -1.573    
                         arrival time                           1.853    
  -------------------------------------------------------------------
                         slack                                  0.280    

Slack (MET) :             0.280ns  (arrival time - required time)
  Source:                 NanoProcessor/slow_clock_0/count_reg[31]/C
                            (rising edge-triggered cell FDRE clocked by sys_clk_pin  {rise@0.000ns fall@5.000ns period=10.000ns})
  Destination:            NanoProcessor/slow_clock_0/count_reg[31]/D
                            (rising edge-triggered cell FDRE clocked by sys_clk_pin  {rise@0.000ns fall@5.000ns period=10.000ns})
  Path Group:             sys_clk_pin
  Path Type:              Hold (Min at Fast Process Corner)
  Requirement:            0.000ns  (sys_clk_pin rise@0.000ns - sys_clk_pin rise@0.000ns)
  Data Path Delay:        0.385ns  (logic 0.252ns (65.529%)  route 0.133ns (34.471%))
  Logic Levels:           1  (CARRY4=1)
  Clock Path Skew:        0.000ns (DCD - SCD - CPR)
    Destination Clock Delay (DCD):    1.977ns
    Source Clock Delay      (SCD):    1.465ns
    Clock Pessimism Removal (CPR):    0.512ns

    Location             Delay type                Incr(ns)  Path(ns)    Netlist Resource(s)
  -------------------------------------------------------------------    -------------------
                         (clock sys_clk_pin rise edge)
                                                      0.000     0.000 r  
    W5                                                0.000     0.000 r  Clk (IN)
                         net (fo=0)                   0.000     0.000    Clk
    W5                   IBUF (Prop_ibuf_I_O)         0.226     0.226 r  Clk_IBUF_inst/O
                         net (fo=1, routed)           0.631     0.858    Clk_IBUF
    BUFGCTRL_X0Y0        BUFG (Prop_bufg_I_O)         0.026     0.884 r  Clk_IBUF_BUFG_inst/O
                         net (fo=34, routed)          0.582     1.465    NanoProcessor/slow_clock_0/Clk_IBUF_BUFG
    SLICE_X62Y24         FDRE                                         r  NanoProcessor/slow_clock_0/count_reg[31]/C
  -------------------------------------------------------------------    -------------------
    SLICE_X62Y24         FDRE (Prop_fdre_C_Q)         0.141     1.606 r  NanoProcessor/slow_clock_0/count_reg[31]/Q
                         net (fo=2, routed)           0.133     1.739    NanoProcessor/slow_clock_0/count[31]
    SLICE_X62Y24         CARRY4 (Prop_carry4_S[2]_O[2])
                                                      0.111     1.850 r  NanoProcessor/slow_clock_0/count0_carry__6/O[2]
                         net (fo=1, routed)           0.000     1.850    NanoProcessor/slow_clock_0/data0[31]
    SLICE_X62Y24         FDRE                                         r  NanoProcessor/slow_clock_0/count_reg[31]/D
  -------------------------------------------------------------------    -------------------

                         (clock sys_clk_pin rise edge)
                                                      0.000     0.000 r  
    W5                                                0.000     0.000 r  Clk (IN)
                         net (fo=0)                   0.000     0.000    Clk
    W5                   IBUF (Prop_ibuf_I_O)         0.414     0.414 r  Clk_IBUF_inst/O
                         net (fo=1, routed)           0.685     1.099    Clk_IBUF
    BUFGCTRL_X0Y0        BUFG (Prop_bufg_I_O)         0.029     1.128 r  Clk_IBUF_BUFG_inst/O
                         net (fo=34, routed)          0.850     1.977    NanoProcessor/slow_clock_0/Clk_IBUF_BUFG
    SLICE_X62Y24         FDRE                                         r  NanoProcessor/slow_clock_0/count_reg[31]/C
                         clock pessimism             -0.512     1.465    
    SLICE_X62Y24         FDRE (Hold_fdre_C_D)         0.105     1.570    NanoProcessor/slow_clock_0/count_reg[31]
  -------------------------------------------------------------------
                         required time                         -1.570    
                         arrival time                           1.850    
  -------------------------------------------------------------------
                         slack                                  0.280    

Slack (MET) :             0.280ns  (arrival time - required time)
  Source:                 NanoProcessor/slow_clock_0/count_reg[7]/C
                            (rising edge-triggered cell FDRE clocked by sys_clk_pin  {rise@0.000ns fall@5.000ns period=10.000ns})
  Destination:            NanoProcessor/slow_clock_0/count_reg[7]/D
                            (rising edge-triggered cell FDRE clocked by sys_clk_pin  {rise@0.000ns fall@5.000ns period=10.000ns})
  Path Group:             sys_clk_pin
  Path Type:              Hold (Min at Fast Process Corner)
  Requirement:            0.000ns  (sys_clk_pin rise@0.000ns - sys_clk_pin rise@0.000ns)
  Data Path Delay:        0.385ns  (logic 0.252ns (65.529%)  route 0.133ns (34.471%))
  Logic Levels:           1  (CARRY4=1)
  Clock Path Skew:        0.000ns (DCD - SCD - CPR)
    Destination Clock Delay (DCD):    1.984ns
    Source Clock Delay      (SCD):    1.471ns
    Clock Pessimism Removal (CPR):    0.513ns

    Location             Delay type                Incr(ns)  Path(ns)    Netlist Resource(s)
  -------------------------------------------------------------------    -------------------
                         (clock sys_clk_pin rise edge)
                                                      0.000     0.000 r  
    W5                                                0.000     0.000 r  Clk (IN)
                         net (fo=0)                   0.000     0.000    Clk
    W5                   IBUF (Prop_ibuf_I_O)         0.226     0.226 r  Clk_IBUF_inst/O
                         net (fo=1, routed)           0.631     0.858    Clk_IBUF
    BUFGCTRL_X0Y0        BUFG (Prop_bufg_I_O)         0.026     0.884 r  Clk_IBUF_BUFG_inst/O
                         net (fo=34, routed)          0.588     1.471    NanoProcessor/slow_clock_0/Clk_IBUF_BUFG
    SLICE_X62Y18         FDRE                                         r  NanoProcessor/slow_clock_0/count_reg[7]/C
  -------------------------------------------------------------------    -------------------
    SLICE_X62Y18         FDRE (Prop_fdre_C_Q)         0.141     1.612 r  NanoProcessor/slow_clock_0/count_reg[7]/Q
                         net (fo=2, routed)           0.133     1.745    NanoProcessor/slow_clock_0/count[7]
    SLICE_X62Y18         CARRY4 (Prop_carry4_S[2]_O[2])
                                                      0.111     1.856 r  NanoProcessor/slow_clock_0/count0_carry__0/O[2]
                         net (fo=1, routed)           0.000     1.856    NanoProcessor/slow_clock_0/data0[7]
    SLICE_X62Y18         FDRE                                         r  NanoProcessor/slow_clock_0/count_reg[7]/D
  -------------------------------------------------------------------    -------------------

                         (clock sys_clk_pin rise edge)
                                                      0.000     0.000 r  
    W5                                                0.000     0.000 r  Clk (IN)
                         net (fo=0)                   0.000     0.000    Clk
    W5                   IBUF (Prop_ibuf_I_O)         0.414     0.414 r  Clk_IBUF_inst/O
                         net (fo=1, routed)           0.685     1.099    Clk_IBUF
    BUFGCTRL_X0Y0        BUFG (Prop_bufg_I_O)         0.029     1.128 r  Clk_IBUF_BUFG_inst/O
                         net (fo=34, routed)          0.857     1.984    NanoProcessor/slow_clock_0/Clk_IBUF_BUFG
    SLICE_X62Y18         FDRE                                         r  NanoProcessor/slow_clock_0/count_reg[7]/C
                         clock pessimism             -0.513     1.471    
    SLICE_X62Y18         FDRE (Hold_fdre_C_D)         0.105     1.576    NanoProcessor/slow_clock_0/count_reg[7]
  -------------------------------------------------------------------
                         required time                         -1.576    
                         arrival time                           1.856    
  -------------------------------------------------------------------
                         slack                                  0.280    

Slack (MET) :             0.280ns  (arrival time - required time)
  Source:                 NanoProcessor/slow_clock_0/count_reg[15]/C
                            (rising edge-triggered cell FDRE clocked by sys_clk_pin  {rise@0.000ns fall@5.000ns period=10.000ns})
  Destination:            NanoProcessor/slow_clock_0/count_reg[15]/D
                            (rising edge-triggered cell FDRE clocked by sys_clk_pin  {rise@0.000ns fall@5.000ns period=10.000ns})
  Path Group:             sys_clk_pin
  Path Type:              Hold (Min at Fast Process Corner)
  Requirement:            0.000ns  (sys_clk_pin rise@0.000ns - sys_clk_pin rise@0.000ns)
  Data Path Delay:        0.385ns  (logic 0.252ns (65.529%)  route 0.133ns (34.471%))
  Logic Levels:           1  (CARRY4=1)
  Clock Path Skew:        0.000ns (DCD - SCD - CPR)
    Destination Clock Delay (DCD):    1.982ns
    Source Clock Delay      (SCD):    1.469ns
    Clock Pessimism Removal (CPR):    0.513ns

    Location             Delay type                Incr(ns)  Path(ns)    Netlist Resource(s)
  -------------------------------------------------------------------    -------------------
                         (clock sys_clk_pin rise edge)
                                                      0.000     0.000 r  
    W5                                                0.000     0.000 r  Clk (IN)
                         net (fo=0)                   0.000     0.000    Clk
    W5                   IBUF (Prop_ibuf_I_O)         0.226     0.226 r  Clk_IBUF_inst/O
                         net (fo=1, routed)           0.631     0.858    Clk_IBUF
    BUFGCTRL_X0Y0        BUFG (Prop_bufg_I_O)         0.026     0.884 r  Clk_IBUF_BUFG_inst/O
                         net (fo=34, routed)          0.586     1.469    NanoProcessor/slow_clock_0/Clk_IBUF_BUFG
    SLICE_X62Y20         FDRE                                         r  NanoProcessor/slow_clock_0/count_reg[15]/C
  -------------------------------------------------------------------    -------------------
    SLICE_X62Y20         FDRE (Prop_fdre_C_Q)         0.141     1.610 r  NanoProcessor/slow_clock_0/count_reg[15]/Q
                         net (fo=2, routed)           0.133     1.743    NanoProcessor/slow_clock_0/count[15]
    SLICE_X62Y20         CARRY4 (Prop_carry4_S[2]_O[2])
                                                      0.111     1.854 r  NanoProcessor/slow_clock_0/count0_carry__2/O[2]
                         net (fo=1, routed)           0.000     1.854    NanoProcessor/slow_clock_0/data0[15]
    SLICE_X62Y20         FDRE                                         r  NanoProcessor/slow_clock_0/count_reg[15]/D
  -------------------------------------------------------------------    -------------------

                         (clock sys_clk_pin rise edge)
                                                      0.000     0.000 r  
    W5                                                0.000     0.000 r  Clk (IN)
                         net (fo=0)                   0.000     0.000    Clk
    W5                   IBUF (Prop_ibuf_I_O)         0.414     0.414 r  Clk_IBUF_inst/O
                         net (fo=1, routed)           0.685     1.099    Clk_IBUF
    BUFGCTRL_X0Y0        BUFG (Prop_bufg_I_O)         0.029     1.128 r  Clk_IBUF_BUFG_inst/O
                         net (fo=34, routed)          0.855     1.982    NanoProcessor/slow_clock_0/Clk_IBUF_BUFG
    SLICE_X62Y20         FDRE                                         r  NanoProcessor/slow_clock_0/count_reg[15]/C
                         clock pessimism             -0.513     1.469    
    SLICE_X62Y20         FDRE (Hold_fdre_C_D)         0.105     1.574    NanoProcessor/slow_clock_0/count_reg[15]
  -------------------------------------------------------------------
                         required time                         -1.574    
                         arrival time                           1.854    
  -------------------------------------------------------------------
                         slack                                  0.280    

Slack (MET) :             0.280ns  (arrival time - required time)
  Source:                 NanoProcessor/slow_clock_0/count_reg[27]/C
                            (rising edge-triggered cell FDRE clocked by sys_clk_pin  {rise@0.000ns fall@5.000ns period=10.000ns})
  Destination:            NanoProcessor/slow_clock_0/count_reg[27]/D
                            (rising edge-triggered cell FDRE clocked by sys_clk_pin  {rise@0.000ns fall@5.000ns period=10.000ns})
  Path Group:             sys_clk_pin
  Path Type:              Hold (Min at Fast Process Corner)
  Requirement:            0.000ns  (sys_clk_pin rise@0.000ns - sys_clk_pin rise@0.000ns)
  Data Path Delay:        0.385ns  (logic 0.252ns (65.465%)  route 0.133ns (34.535%))
  Logic Levels:           1  (CARRY4=1)
  Clock Path Skew:        0.000ns (DCD - SCD - CPR)
    Destination Clock Delay (DCD):    1.978ns
    Source Clock Delay      (SCD):    1.466ns
    Clock Pessimism Removal (CPR):    0.512ns

    Location             Delay type                Incr(ns)  Path(ns)    Netlist Resource(s)
  -------------------------------------------------------------------    -------------------
                         (clock sys_clk_pin rise edge)
                                                      0.000     0.000 r  
    W5                                                0.000     0.000 r  Clk (IN)
                         net (fo=0)                   0.000     0.000    Clk
    W5                   IBUF (Prop_ibuf_I_O)         0.226     0.226 r  Clk_IBUF_inst/O
                         net (fo=1, routed)           0.631     0.858    Clk_IBUF
    BUFGCTRL_X0Y0        BUFG (Prop_bufg_I_O)         0.026     0.884 r  Clk_IBUF_BUFG_inst/O
                         net (fo=34, routed)          0.583     1.466    NanoProcessor/slow_clock_0/Clk_IBUF_BUFG
    SLICE_X62Y23         FDRE                                         r  NanoProcessor/slow_clock_0/count_reg[27]/C
  -------------------------------------------------------------------    -------------------
    SLICE_X62Y23         FDRE (Prop_fdre_C_Q)         0.141     1.607 r  NanoProcessor/slow_clock_0/count_reg[27]/Q
                         net (fo=2, routed)           0.133     1.740    NanoProcessor/slow_clock_0/count[27]
    SLICE_X62Y23         CARRY4 (Prop_carry4_S[2]_O[2])
                                                      0.111     1.851 r  NanoProcessor/slow_clock_0/count0_carry__5/O[2]
                         net (fo=1, routed)           0.000     1.851    NanoProcessor/slow_clock_0/data0[27]
    SLICE_X62Y23         FDRE                                         r  NanoProcessor/slow_clock_0/count_reg[27]/D
  -------------------------------------------------------------------    -------------------

                         (clock sys_clk_pin rise edge)
                                                      0.000     0.000 r  
    W5                                                0.000     0.000 r  Clk (IN)
                         net (fo=0)                   0.000     0.000    Clk
    W5                   IBUF (Prop_ibuf_I_O)         0.414     0.414 r  Clk_IBUF_inst/O
                         net (fo=1, routed)           0.685     1.099    Clk_IBUF
    BUFGCTRL_X0Y0        BUFG (Prop_bufg_I_O)         0.029     1.128 r  Clk_IBUF_BUFG_inst/O
                         net (fo=34, routed)          0.851     1.978    NanoProcessor/slow_clock_0/Clk_IBUF_BUFG
    SLICE_X62Y23         FDRE                                         r  NanoProcessor/slow_clock_0/count_reg[27]/C
                         clock pessimism             -0.512     1.466    
    SLICE_X62Y23         FDRE (Hold_fdre_C_D)         0.105     1.571    NanoProcessor/slow_clock_0/count_reg[27]
  -------------------------------------------------------------------
                         required time                         -1.571    
                         arrival time                           1.851    
  -------------------------------------------------------------------
                         slack                                  0.280    

Slack (MET) :             0.313ns  (arrival time - required time)
  Source:                 NanoProcessor/slow_clock_0/count_reg[23]/C
                            (rising edge-triggered cell FDRE clocked by sys_clk_pin  {rise@0.000ns fall@5.000ns period=10.000ns})
  Destination:            NanoProcessor/slow_clock_0/count_reg[24]/D
                            (rising edge-triggered cell FDRE clocked by sys_clk_pin  {rise@0.000ns fall@5.000ns period=10.000ns})
  Path Group:             sys_clk_pin
  Path Type:              Hold (Min at Fast Process Corner)
  Requirement:            0.000ns  (sys_clk_pin rise@0.000ns - sys_clk_pin rise@0.000ns)
  Data Path Delay:        0.418ns  (logic 0.285ns (68.253%)  route 0.133ns (31.747%))
  Logic Levels:           1  (CARRY4=1)
  Clock Path Skew:        0.000ns (DCD - SCD - CPR)
    Destination Clock Delay (DCD):    1.980ns
    Source Clock Delay      (SCD):    1.468ns
    Clock Pessimism Removal (CPR):    0.512ns

    Location             Delay type                Incr(ns)  Path(ns)    Netlist Resource(s)
  -------------------------------------------------------------------    -------------------
                         (clock sys_clk_pin rise edge)
                                                      0.000     0.000 r  
    W5                                                0.000     0.000 r  Clk (IN)
                         net (fo=0)                   0.000     0.000    Clk
    W5                   IBUF (Prop_ibuf_I_O)         0.226     0.226 r  Clk_IBUF_inst/O
                         net (fo=1, routed)           0.631     0.858    Clk_IBUF
    BUFGCTRL_X0Y0        BUFG (Prop_bufg_I_O)         0.026     0.884 r  Clk_IBUF_BUFG_inst/O
                         net (fo=34, routed)          0.585     1.468    NanoProcessor/slow_clock_0/Clk_IBUF_BUFG
    SLICE_X62Y22         FDRE                                         r  NanoProcessor/slow_clock_0/count_reg[23]/C
  -------------------------------------------------------------------    -------------------
    SLICE_X62Y22         FDRE (Prop_fdre_C_Q)         0.141     1.609 r  NanoProcessor/slow_clock_0/count_reg[23]/Q
                         net (fo=2, routed)           0.133     1.742    NanoProcessor/slow_clock_0/count[23]
    SLICE_X62Y22         CARRY4 (Prop_carry4_S[2]_O[3])
                                                      0.144     1.886 r  NanoProcessor/slow_clock_0/count0_carry__4/O[3]
                         net (fo=1, routed)           0.000     1.886    NanoProcessor/slow_clock_0/data0[24]
    SLICE_X62Y22         FDRE                                         r  NanoProcessor/slow_clock_0/count_reg[24]/D
  -------------------------------------------------------------------    -------------------

                         (clock sys_clk_pin rise edge)
                                                      0.000     0.000 r  
    W5                                                0.000     0.000 r  Clk (IN)
                         net (fo=0)                   0.000     0.000    Clk
    W5                   IBUF (Prop_ibuf_I_O)         0.414     0.414 r  Clk_IBUF_inst/O
                         net (fo=1, routed)           0.685     1.099    Clk_IBUF
    BUFGCTRL_X0Y0        BUFG (Prop_bufg_I_O)         0.029     1.128 r  Clk_IBUF_BUFG_inst/O
                         net (fo=34, routed)          0.853     1.980    NanoProcessor/slow_clock_0/Clk_IBUF_BUFG
    SLICE_X62Y22         FDRE                                         r  NanoProcessor/slow_clock_0/count_reg[24]/C
                         clock pessimism             -0.512     1.468    
    SLICE_X62Y22         FDRE (Hold_fdre_C_D)         0.105     1.573    NanoProcessor/slow_clock_0/count_reg[24]
  -------------------------------------------------------------------
                         required time                         -1.573    
                         arrival time                           1.886    
  -------------------------------------------------------------------
                         slack                                  0.313    

Slack (MET) :             0.313ns  (arrival time - required time)
  Source:                 NanoProcessor/slow_clock_0/count_reg[7]/C
                            (rising edge-triggered cell FDRE clocked by sys_clk_pin  {rise@0.000ns fall@5.000ns period=10.000ns})
  Destination:            NanoProcessor/slow_clock_0/count_reg[8]/D
                            (rising edge-triggered cell FDRE clocked by sys_clk_pin  {rise@0.000ns fall@5.000ns period=10.000ns})
  Path Group:             sys_clk_pin
  Path Type:              Hold (Min at Fast Process Corner)
  Requirement:            0.000ns  (sys_clk_pin rise@0.000ns - sys_clk_pin rise@0.000ns)
  Data Path Delay:        0.418ns  (logic 0.285ns (68.253%)  route 0.133ns (31.747%))
  Logic Levels:           1  (CARRY4=1)
  Clock Path Skew:        0.000ns (DCD - SCD - CPR)
    Destination Clock Delay (DCD):    1.984ns
    Source Clock Delay      (SCD):    1.471ns
    Clock Pessimism Removal (CPR):    0.513ns

    Location             Delay type                Incr(ns)  Path(ns)    Netlist Resource(s)
  -------------------------------------------------------------------    -------------------
                         (clock sys_clk_pin rise edge)
                                                      0.000     0.000 r  
    W5                                                0.000     0.000 r  Clk (IN)
                         net (fo=0)                   0.000     0.000    Clk
    W5                   IBUF (Prop_ibuf_I_O)         0.226     0.226 r  Clk_IBUF_inst/O
                         net (fo=1, routed)           0.631     0.858    Clk_IBUF
    BUFGCTRL_X0Y0        BUFG (Prop_bufg_I_O)         0.026     0.884 r  Clk_IBUF_BUFG_inst/O
                         net (fo=34, routed)          0.588     1.471    NanoProcessor/slow_clock_0/Clk_IBUF_BUFG
    SLICE_X62Y18         FDRE                                         r  NanoProcessor/slow_clock_0/count_reg[7]/C
  -------------------------------------------------------------------    -------------------
    SLICE_X62Y18         FDRE (Prop_fdre_C_Q)         0.141     1.612 r  NanoProcessor/slow_clock_0/count_reg[7]/Q
                         net (fo=2, routed)           0.133     1.745    NanoProcessor/slow_clock_0/count[7]
    SLICE_X62Y18         CARRY4 (Prop_carry4_S[2]_O[3])
                                                      0.144     1.889 r  NanoProcessor/slow_clock_0/count0_carry__0/O[3]
                         net (fo=1, routed)           0.000     1.889    NanoProcessor/slow_clock_0/data0[8]
    SLICE_X62Y18         FDRE                                         r  NanoProcessor/slow_clock_0/count_reg[8]/D
  -------------------------------------------------------------------    -------------------

                         (clock sys_clk_pin rise edge)
                                                      0.000     0.000 r  
    W5                                                0.000     0.000 r  Clk (IN)
                         net (fo=0)                   0.000     0.000    Clk
    W5                   IBUF (Prop_ibuf_I_O)         0.414     0.414 r  Clk_IBUF_inst/O
                         net (fo=1, routed)           0.685     1.099    Clk_IBUF
    BUFGCTRL_X0Y0        BUFG (Prop_bufg_I_O)         0.029     1.128 r  Clk_IBUF_BUFG_inst/O
                         net (fo=34, routed)          0.857     1.984    NanoProcessor/slow_clock_0/Clk_IBUF_BUFG
    SLICE_X62Y18         FDRE                                         r  NanoProcessor/slow_clock_0/count_reg[8]/C
                         clock pessimism             -0.513     1.471    
    SLICE_X62Y18         FDRE (Hold_fdre_C_D)         0.105     1.576    NanoProcessor/slow_clock_0/count_reg[8]
  -------------------------------------------------------------------
                         required time                         -1.576    
                         arrival time                           1.889    
  -------------------------------------------------------------------
                         slack                                  0.313    

Slack (MET) :             0.313ns  (arrival time - required time)
  Source:                 NanoProcessor/slow_clock_0/count_reg[15]/C
                            (rising edge-triggered cell FDRE clocked by sys_clk_pin  {rise@0.000ns fall@5.000ns period=10.000ns})
  Destination:            NanoProcessor/slow_clock_0/count_reg[16]/D
                            (rising edge-triggered cell FDRE clocked by sys_clk_pin  {rise@0.000ns fall@5.000ns period=10.000ns})
  Path Group:             sys_clk_pin
  Path Type:              Hold (Min at Fast Process Corner)
  Requirement:            0.000ns  (sys_clk_pin rise@0.000ns - sys_clk_pin rise@0.000ns)
  Data Path Delay:        0.418ns  (logic 0.285ns (68.253%)  route 0.133ns (31.747%))
  Logic Levels:           1  (CARRY4=1)
  Clock Path Skew:        0.000ns (DCD - SCD - CPR)
    Destination Clock Delay (DCD):    1.982ns
    Source Clock Delay      (SCD):    1.469ns
    Clock Pessimism Removal (CPR):    0.513ns

    Location             Delay type                Incr(ns)  Path(ns)    Netlist Resource(s)
  -------------------------------------------------------------------    -------------------
                         (clock sys_clk_pin rise edge)
                                                      0.000     0.000 r  
    W5                                                0.000     0.000 r  Clk (IN)
                         net (fo=0)                   0.000     0.000    Clk
    W5                   IBUF (Prop_ibuf_I_O)         0.226     0.226 r  Clk_IBUF_inst/O
                         net (fo=1, routed)           0.631     0.858    Clk_IBUF
    BUFGCTRL_X0Y0        BUFG (Prop_bufg_I_O)         0.026     0.884 r  Clk_IBUF_BUFG_inst/O
                         net (fo=34, routed)          0.586     1.469    NanoProcessor/slow_clock_0/Clk_IBUF_BUFG
    SLICE_X62Y20         FDRE                                         r  NanoProcessor/slow_clock_0/count_reg[15]/C
  -------------------------------------------------------------------    -------------------
    SLICE_X62Y20         FDRE (Prop_fdre_C_Q)         0.141     1.610 r  NanoProcessor/slow_clock_0/count_reg[15]/Q
                         net (fo=2, routed)           0.133     1.743    NanoProcessor/slow_clock_0/count[15]
    SLICE_X62Y20         CARRY4 (Prop_carry4_S[2]_O[3])
                                                      0.144     1.887 r  NanoProcessor/slow_clock_0/count0_carry__2/O[3]
                         net (fo=1, routed)           0.000     1.887    NanoProcessor/slow_clock_0/data0[16]
    SLICE_X62Y20         FDRE                                         r  NanoProcessor/slow_clock_0/count_reg[16]/D
  -------------------------------------------------------------------    -------------------

                         (clock sys_clk_pin rise edge)
                                                      0.000     0.000 r  
    W5                                                0.000     0.000 r  Clk (IN)
                         net (fo=0)                   0.000     0.000    Clk
    W5                   IBUF (Prop_ibuf_I_O)         0.414     0.414 r  Clk_IBUF_inst/O
                         net (fo=1, routed)           0.685     1.099    Clk_IBUF
    BUFGCTRL_X0Y0        BUFG (Prop_bufg_I_O)         0.029     1.128 r  Clk_IBUF_BUFG_inst/O
                         net (fo=34, routed)          0.855     1.982    NanoProcessor/slow_clock_0/Clk_IBUF_BUFG
    SLICE_X62Y20         FDRE                                         r  NanoProcessor/slow_clock_0/count_reg[16]/C
                         clock pessimism             -0.513     1.469    
    SLICE_X62Y20         FDRE (Hold_fdre_C_D)         0.105     1.574    NanoProcessor/slow_clock_0/count_reg[16]
  -------------------------------------------------------------------
                         required time                         -1.574    
                         arrival time                           1.887    
  -------------------------------------------------------------------
                         slack                                  0.313    

Slack (MET) :             0.313ns  (arrival time - required time)
  Source:                 NanoProcessor/slow_clock_0/count_reg[27]/C
                            (rising edge-triggered cell FDRE clocked by sys_clk_pin  {rise@0.000ns fall@5.000ns period=10.000ns})
  Destination:            NanoProcessor/slow_clock_0/count_reg[28]/D
                            (rising edge-triggered cell FDRE clocked by sys_clk_pin  {rise@0.000ns fall@5.000ns period=10.000ns})
  Path Group:             sys_clk_pin
  Path Type:              Hold (Min at Fast Process Corner)
  Requirement:            0.000ns  (sys_clk_pin rise@0.000ns - sys_clk_pin rise@0.000ns)
  Data Path Delay:        0.418ns  (logic 0.285ns (68.192%)  route 0.133ns (31.808%))
  Logic Levels:           1  (CARRY4=1)
  Clock Path Skew:        0.000ns (DCD - SCD - CPR)
    Destination Clock Delay (DCD):    1.978ns
    Source Clock Delay      (SCD):    1.466ns
    Clock Pessimism Removal (CPR):    0.512ns

    Location             Delay type                Incr(ns)  Path(ns)    Netlist Resource(s)
  -------------------------------------------------------------------    -------------------
                         (clock sys_clk_pin rise edge)
                                                      0.000     0.000 r  
    W5                                                0.000     0.000 r  Clk (IN)
                         net (fo=0)                   0.000     0.000    Clk
    W5                   IBUF (Prop_ibuf_I_O)         0.226     0.226 r  Clk_IBUF_inst/O
                         net (fo=1, routed)           0.631     0.858    Clk_IBUF
    BUFGCTRL_X0Y0        BUFG (Prop_bufg_I_O)         0.026     0.884 r  Clk_IBUF_BUFG_inst/O
                         net (fo=34, routed)          0.583     1.466    NanoProcessor/slow_clock_0/Clk_IBUF_BUFG
    SLICE_X62Y23         FDRE                                         r  NanoProcessor/slow_clock_0/count_reg[27]/C
  -------------------------------------------------------------------    -------------------
    SLICE_X62Y23         FDRE (Prop_fdre_C_Q)         0.141     1.607 r  NanoProcessor/slow_clock_0/count_reg[27]/Q
                         net (fo=2, routed)           0.133     1.740    NanoProcessor/slow_clock_0/count[27]
    SLICE_X62Y23         CARRY4 (Prop_carry4_S[2]_O[3])
                                                      0.144     1.884 r  NanoProcessor/slow_clock_0/count0_carry__5/O[3]
                         net (fo=1, routed)           0.000     1.884    NanoProcessor/slow_clock_0/data0[28]
    SLICE_X62Y23         FDRE                                         r  NanoProcessor/slow_clock_0/count_reg[28]/D
  -------------------------------------------------------------------    -------------------

                         (clock sys_clk_pin rise edge)
                                                      0.000     0.000 r  
    W5                                                0.000     0.000 r  Clk (IN)
                         net (fo=0)                   0.000     0.000    Clk
    W5                   IBUF (Prop_ibuf_I_O)         0.414     0.414 r  Clk_IBUF_inst/O
                         net (fo=1, routed)           0.685     1.099    Clk_IBUF
    BUFGCTRL_X0Y0        BUFG (Prop_bufg_I_O)         0.029     1.128 r  Clk_IBUF_BUFG_inst/O
                         net (fo=34, routed)          0.851     1.978    NanoProcessor/slow_clock_0/Clk_IBUF_BUFG
    SLICE_X62Y23         FDRE                                         r  NanoProcessor/slow_clock_0/count_reg[28]/C
                         clock pessimism             -0.512     1.466    
    SLICE_X62Y23         FDRE (Hold_fdre_C_D)         0.105     1.571    NanoProcessor/slow_clock_0/count_reg[28]
  -------------------------------------------------------------------
                         required time                         -1.571    
                         arrival time                           1.884    
  -------------------------------------------------------------------
                         slack                                  0.313    





Pulse Width Checks
--------------------------------------------------------------------------------------
Clock Name:         sys_clk_pin
Waveform(ns):       { 0.000 5.000 }
Period(ns):         10.000
Sources:            { Clk }

Check Type        Corner  Lib Pin  Reference Pin  Required(ns)  Actual(ns)  Slack(ns)  Location       Pin
Min Period        n/a     BUFG/I   n/a            2.155         10.000      7.845      BUFGCTRL_X0Y0  Clk_IBUF_BUFG_inst/I
Min Period        n/a     FDRE/C   n/a            1.000         10.000      9.000      SLICE_X63Y20   NanoProcessor/slow_clock_0/Clk_out_reg/C
Min Period        n/a     FDRE/C   n/a            1.000         10.000      9.000      SLICE_X63Y20   NanoProcessor/slow_clock_0/clk_status_reg/C
Min Period        n/a     FDRE/C   n/a            1.000         10.000      9.000      SLICE_X63Y17   NanoProcessor/slow_clock_0/count_reg[0]/C
Min Period        n/a     FDRE/C   n/a            1.000         10.000      9.000      SLICE_X62Y19   NanoProcessor/slow_clock_0/count_reg[10]/C
Min Period        n/a     FDRE/C   n/a            1.000         10.000      9.000      SLICE_X62Y19   NanoProcessor/slow_clock_0/count_reg[11]/C
Min Period        n/a     FDRE/C   n/a            1.000         10.000      9.000      SLICE_X62Y19   NanoProcessor/slow_clock_0/count_reg[12]/C
Min Period        n/a     FDRE/C   n/a            1.000         10.000      9.000      SLICE_X62Y20   NanoProcessor/slow_clock_0/count_reg[13]/C
Min Period        n/a     FDRE/C   n/a            1.000         10.000      9.000      SLICE_X62Y20   NanoProcessor/slow_clock_0/count_reg[14]/C
Min Period        n/a     FDRE/C   n/a            1.000         10.000      9.000      SLICE_X62Y20   NanoProcessor/slow_clock_0/count_reg[15]/C
Low Pulse Width   Slow    FDRE/C   n/a            0.500         5.000       4.500      SLICE_X63Y20   NanoProcessor/slow_clock_0/Clk_out_reg/C
Low Pulse Width   Slow    FDRE/C   n/a            0.500         5.000       4.500      SLICE_X63Y20   NanoProcessor/slow_clock_0/clk_status_reg/C
Low Pulse Width   Slow    FDRE/C   n/a            0.500         5.000       4.500      SLICE_X62Y19   NanoProcessor/slow_clock_0/count_reg[10]/C
Low Pulse Width   Slow    FDRE/C   n/a            0.500         5.000       4.500      SLICE_X62Y19   NanoProcessor/slow_clock_0/count_reg[11]/C
Low Pulse Width   Slow    FDRE/C   n/a            0.500         5.000       4.500      SLICE_X62Y19   NanoProcessor/slow_clock_0/count_reg[12]/C
Low Pulse Width   Slow    FDRE/C   n/a            0.500         5.000       4.500      SLICE_X62Y20   NanoProcessor/slow_clock_0/count_reg[13]/C
Low Pulse Width   Slow    FDRE/C   n/a            0.500         5.000       4.500      SLICE_X62Y20   NanoProcessor/slow_clock_0/count_reg[14]/C
Low Pulse Width   Slow    FDRE/C   n/a            0.500         5.000       4.500      SLICE_X62Y20   NanoProcessor/slow_clock_0/count_reg[15]/C
Low Pulse Width   Slow    FDRE/C   n/a            0.500         5.000       4.500      SLICE_X62Y20   NanoProcessor/slow_clock_0/count_reg[16]/C
Low Pulse Width   Slow    FDRE/C   n/a            0.500         5.000       4.500      SLICE_X62Y21   NanoProcessor/slow_clock_0/count_reg[17]/C
High Pulse Width  Slow    FDRE/C   n/a            0.500         5.000       4.500      SLICE_X63Y17   NanoProcessor/slow_clock_0/count_reg[0]/C
High Pulse Width  Slow    FDRE/C   n/a            0.500         5.000       4.500      SLICE_X62Y17   NanoProcessor/slow_clock_0/count_reg[1]/C
High Pulse Width  Slow    FDRE/C   n/a            0.500         5.000       4.500      SLICE_X62Y22   NanoProcessor/slow_clock_0/count_reg[21]/C
High Pulse Width  Slow    FDRE/C   n/a            0.500         5.000       4.500      SLICE_X62Y22   NanoProcessor/slow_clock_0/count_reg[22]/C
High Pulse Width  Slow    FDRE/C   n/a            0.500         5.000       4.500      SLICE_X62Y22   NanoProcessor/slow_clock_0/count_reg[23]/C
High Pulse Width  Slow    FDRE/C   n/a            0.500         5.000       4.500      SLICE_X62Y22   NanoProcessor/slow_clock_0/count_reg[24]/C
High Pulse Width  Slow    FDRE/C   n/a            0.500         5.000       4.500      SLICE_X62Y23   NanoProcessor/slow_clock_0/count_reg[25]/C
High Pulse Width  Slow    FDRE/C   n/a            0.500         5.000       4.500      SLICE_X62Y23   NanoProcessor/slow_clock_0/count_reg[26]/C
High Pulse Width  Slow    FDRE/C   n/a            0.500         5.000       4.500      SLICE_X62Y23   NanoProcessor/slow_clock_0/count_reg[27]/C
High Pulse Width  Slow    FDRE/C   n/a            0.500         5.000       4.500      SLICE_X62Y23   NanoProcessor/slow_clock_0/count_reg[28]/C



