Copyright 1986-2018 Xilinx, Inc. All Rights Reserved.
-----------------------------------------------------------------------------------------------------------------------------------------------------------------------------------------------------------------------------------
<<<<<<< Updated upstream:Optimized/project_1/project_1.runs/impl_1/Nano_Processor_7_seg_timing_summary_routed.rpt
| Tool Version : Vivado v.2018.2 (win64) Build 2258646 Thu Jun 14 20:03:12 MDT 2018
| Date         : Thu Aug 18 08:10:29 2022
| Host         : Akmal-Computer running 64-bit major release  (build 9200)
=======
| Tool Version : Vivado v.2018.3 (win64) Build 2405991 Thu Dec  6 23:38:27 MST 2018
| Date         : Sun May  3 11:29:14 2026
| Host         : DESKTOP-FT0TDHF running 64-bit major release  (build 9200)
>>>>>>> Stashed changes:Nanoprocessor-Design-Compettition-main/src/project_1/project_1.runs/impl_1/Nano_Processor_7_seg_timing_summary_routed.rpt
| Command      : report_timing_summary -max_paths 10 -file Nano_Processor_7_seg_timing_summary_routed.rpt -pb Nano_Processor_7_seg_timing_summary_routed.pb -rpx Nano_Processor_7_seg_timing_summary_routed.rpx -warn_on_violation
| Design       : Nano_Processor_7_seg
| Device       : 7a35t-cpg236
| Speed File   : -1  PRODUCTION 1.22 2018-03-21
-----------------------------------------------------------------------------------------------------------------------------------------------------------------------------------------------------------------------------------

Timing Summary Report

------------------------------------------------------------------------------------------------
| Timer Settings
| --------------
------------------------------------------------------------------------------------------------

  Enable Multi Corner Analysis               :  Yes
  Enable Pessimism Removal                   :  Yes
  Pessimism Removal Resolution               :  Nearest Common Node
  Enable Input Delay Default Clock           :  No
  Enable Preset / Clear Arcs                 :  No
  Disable Flight Delays                      :  No
  Ignore I/O Paths                           :  No
  Timing Early Launch at Borrowing Latches   :  false

  Corner  Analyze    Analyze    
  Name    Max Paths  Min Paths  
  ------  ---------  ---------  
  Slow    Yes        Yes        
  Fast    Yes        Yes        



check_timing report

Table of Contents
-----------------
1. checking no_clock
2. checking constant_clock
3. checking pulse_width_clock
4. checking unconstrained_internal_endpoints
5. checking no_input_delay
6. checking no_output_delay
7. checking multiple_clock
8. checking generated_clocks
9. checking loops
10. checking partial_input_delay
11. checking partial_output_delay
12. checking latch_loops

1. checking no_clock
--------------------
<<<<<<< Updated upstream:Optimized/project_1/project_1.runs/impl_1/Nano_Processor_7_seg_timing_summary_routed.rpt
 There are 19 register/latch pins with no clock driven by root clock pin: NanoProcessor/slow_clock_0/Clk_out_reg/Q (HIGH)
=======
 There are 17 register/latch pins with no clock driven by root clock pin: NanoProcessor/slow_clock_0/Clk_out_reg/Q (HIGH)
>>>>>>> Stashed changes:Nanoprocessor-Design-Compettition-main/src/project_1/project_1.runs/impl_1/Nano_Processor_7_seg_timing_summary_routed.rpt


2. checking constant_clock
--------------------------
 There are 0 register/latch pins with constant_clock.


3. checking pulse_width_clock
-----------------------------
 There are 0 register/latch pins which need pulse_width check


4. checking unconstrained_internal_endpoints
--------------------------------------------
<<<<<<< Updated upstream:Optimized/project_1/project_1.runs/impl_1/Nano_Processor_7_seg_timing_summary_routed.rpt
 There are 35 pins that are not constrained for maximum delay. (HIGH)
=======
 There are 45 pins that are not constrained for maximum delay. (HIGH)
>>>>>>> Stashed changes:Nanoprocessor-Design-Compettition-main/src/project_1/project_1.runs/impl_1/Nano_Processor_7_seg_timing_summary_routed.rpt

 There are 0 pins that are not constrained for maximum delay due to constant clock.


5. checking no_input_delay
--------------------------
 There is 1 input port with no input delay specified. (HIGH)

 There are 0 input ports with no input delay but user has a false path constraint.


6. checking no_output_delay
---------------------------
 There are 13 ports with no output delay specified. (HIGH)

 There are 0 ports with no output delay but user has a false path constraint

 There are 0 ports with no output delay but with a timing clock defined on it or propagating through it


7. checking multiple_clock
--------------------------
 There are 0 register/latch pins with multiple clocks.


8. checking generated_clocks
----------------------------
 There are 0 generated clocks that are not connected to a clock source.


9. checking loops
-----------------
 There are 0 combinational loops in the design.


10. checking partial_input_delay
--------------------------------
 There are 0 input ports with partial input delay specified.


11. checking partial_output_delay
---------------------------------
 There are 0 ports with partial output delay specified.


12. checking latch_loops
------------------------
 There are 0 combinational latch loops in the design through latch input



------------------------------------------------------------------------------------------------
| Design Timing Summary
| ---------------------
------------------------------------------------------------------------------------------------

    WNS(ns)      TNS(ns)  TNS Failing Endpoints  TNS Total Endpoints      WHS(ns)      THS(ns)  THS Failing Endpoints  THS Total Endpoints     WPWS(ns)     TPWS(ns)  TPWS Failing Endpoints  TPWS Total Endpoints  
    -------      -------  ---------------------  -------------------      -------      -------  ---------------------  -------------------     --------     --------  ----------------------  --------------------  
<<<<<<< Updated upstream:Optimized/project_1/project_1.runs/impl_1/Nano_Processor_7_seg_timing_summary_routed.rpt
      5.522        0.000                      0                   65        0.264        0.000                      0                   65        4.500        0.000                       0                    35  
=======
      5.240        0.000                      0                   65        0.263        0.000                      0                   65        4.500        0.000                       0                    35  
>>>>>>> Stashed changes:Nanoprocessor-Design-Compettition-main/src/project_1/project_1.runs/impl_1/Nano_Processor_7_seg_timing_summary_routed.rpt


All user specified timing constraints are met.


------------------------------------------------------------------------------------------------
| Clock Summary
| -------------
------------------------------------------------------------------------------------------------

Clock        Waveform(ns)       Period(ns)      Frequency(MHz)
-----        ------------       ----------      --------------
sys_clk_pin  {0.000 5.000}      10.000          100.000         


------------------------------------------------------------------------------------------------
| Intra Clock Table
| -----------------
------------------------------------------------------------------------------------------------

Clock             WNS(ns)      TNS(ns)  TNS Failing Endpoints  TNS Total Endpoints      WHS(ns)      THS(ns)  THS Failing Endpoints  THS Total Endpoints     WPWS(ns)     TPWS(ns)  TPWS Failing Endpoints  TPWS Total Endpoints  
-----             -------      -------  ---------------------  -------------------      -------      -------  ---------------------  -------------------     --------     --------  ----------------------  --------------------  
<<<<<<< Updated upstream:Optimized/project_1/project_1.runs/impl_1/Nano_Processor_7_seg_timing_summary_routed.rpt
sys_clk_pin         5.522        0.000                      0                   65        0.264        0.000                      0                   65        4.500        0.000                       0                    35  
=======
sys_clk_pin         5.240        0.000                      0                   65        0.263        0.000                      0                   65        4.500        0.000                       0                    35  
>>>>>>> Stashed changes:Nanoprocessor-Design-Compettition-main/src/project_1/project_1.runs/impl_1/Nano_Processor_7_seg_timing_summary_routed.rpt


------------------------------------------------------------------------------------------------
| Inter Clock Table
| -----------------
------------------------------------------------------------------------------------------------

From Clock    To Clock          WNS(ns)      TNS(ns)  TNS Failing Endpoints  TNS Total Endpoints      WHS(ns)      THS(ns)  THS Failing Endpoints  THS Total Endpoints  
----------    --------          -------      -------  ---------------------  -------------------      -------      -------  ---------------------  -------------------  


------------------------------------------------------------------------------------------------
| Other Path Groups Table
| -----------------------
------------------------------------------------------------------------------------------------

Path Group    From Clock    To Clock          WNS(ns)      TNS(ns)  TNS Failing Endpoints  TNS Total Endpoints      WHS(ns)      THS(ns)  THS Failing Endpoints  THS Total Endpoints  
----------    ----------    --------          -------      -------  ---------------------  -------------------      -------      -------  ---------------------  -------------------  


------------------------------------------------------------------------------------------------
| Timing Details
| --------------
------------------------------------------------------------------------------------------------


---------------------------------------------------------------------------------------------------
From Clock:  sys_clk_pin
  To Clock:  sys_clk_pin

<<<<<<< Updated upstream:Optimized/project_1/project_1.runs/impl_1/Nano_Processor_7_seg_timing_summary_routed.rpt
Setup :            0  Failing Endpoints,  Worst Slack        5.522ns,  Total Violation        0.000ns
Hold  :            0  Failing Endpoints,  Worst Slack        0.264ns,  Total Violation        0.000ns
=======
Setup :            0  Failing Endpoints,  Worst Slack        5.240ns,  Total Violation        0.000ns
Hold  :            0  Failing Endpoints,  Worst Slack        0.263ns,  Total Violation        0.000ns
>>>>>>> Stashed changes:Nanoprocessor-Design-Compettition-main/src/project_1/project_1.runs/impl_1/Nano_Processor_7_seg_timing_summary_routed.rpt
PW    :            0  Failing Endpoints,  Worst Slack        4.500ns,  Total Violation        0.000ns
---------------------------------------------------------------------------------------------------


Max Delay Paths
--------------------------------------------------------------------------------------
<<<<<<< Updated upstream:Optimized/project_1/project_1.runs/impl_1/Nano_Processor_7_seg_timing_summary_routed.rpt
Slack (MET) :             5.522ns  (required time - arrival time)
  Source:                 NanoProcessor/slow_clock_0/count_reg[23]/C
                            (rising edge-triggered cell FDRE clocked by sys_clk_pin  {rise@0.000ns fall@5.000ns period=10.000ns})
  Destination:            NanoProcessor/slow_clock_0/count_reg[21]/R
                            (rising edge-triggered cell FDRE clocked by sys_clk_pin  {rise@0.000ns fall@5.000ns period=10.000ns})
  Path Group:             sys_clk_pin
  Path Type:              Setup (Max at Slow Process Corner)
  Requirement:            10.000ns  (sys_clk_pin rise@10.000ns - sys_clk_pin rise@0.000ns)
  Data Path Delay:        4.014ns  (logic 0.828ns (20.627%)  route 3.186ns (79.373%))
  Logic Levels:           3  (LUT4=2 LUT6=1)
  Clock Path Skew:        0.000ns (DCD - SCD + CPR)
    Destination Clock Delay (DCD):    4.780ns = ( 14.780 - 10.000 ) 
    Source Clock Delay      (SCD):    5.077ns
    Clock Pessimism Removal (CPR):    0.297ns
  Clock Uncertainty:      0.035ns  ((TSJ^2 + TIJ^2)^1/2 + DJ) / 2 + PE
    Total System Jitter     (TSJ):    0.071ns
    Total Input Jitter      (TIJ):    0.000ns
    Discrete Jitter          (DJ):    0.000ns
    Phase Error              (PE):    0.000ns

    Location             Delay type                Incr(ns)  Path(ns)    Netlist Resource(s)
  -------------------------------------------------------------------    -------------------
                         (clock sys_clk_pin rise edge)
                                                      0.000     0.000 r  
    W5                                                0.000     0.000 r  Clk (IN)
                         net (fo=0)                   0.000     0.000    Clk
    W5                   IBUF (Prop_ibuf_I_O)         1.458     1.458 r  Clk_IBUF_inst/O
                         net (fo=1, routed)           1.967     3.425    Clk_IBUF
    BUFGCTRL_X0Y0        BUFG (Prop_bufg_I_O)         0.096     3.521 r  Clk_IBUF_BUFG_inst/O
                         net (fo=34, routed)          1.556     5.077    NanoProcessor/slow_clock_0/Clk_IBUF_BUFG
    SLICE_X48Y21         FDRE                                         r  NanoProcessor/slow_clock_0/count_reg[23]/C
  -------------------------------------------------------------------    -------------------
    SLICE_X48Y21         FDRE (Prop_fdre_C_Q)         0.456     5.533 f  NanoProcessor/slow_clock_0/count_reg[23]/Q
                         net (fo=2, routed)           0.859     6.392    NanoProcessor/slow_clock_0/count[23]
    SLICE_X49Y21         LUT4 (Prop_lut4_I0_O)        0.124     6.516 f  NanoProcessor/slow_clock_0/count[0]_i_5/O
                         net (fo=1, routed)           0.433     6.949    NanoProcessor/slow_clock_0/count[0]_i_5_n_0
    SLICE_X49Y21         LUT6 (Prop_lut6_I0_O)        0.124     7.073 f  NanoProcessor/slow_clock_0/count[0]_i_2/O
                         net (fo=4, routed)           0.974     8.047    NanoProcessor/slow_clock_0/count[0]_i_2_n_0
    SLICE_X49Y18         LUT4 (Prop_lut4_I1_O)        0.124     8.171 r  NanoProcessor/slow_clock_0/count[31]_i_1/O
                         net (fo=31, routed)          0.921     9.091    NanoProcessor/slow_clock_0/count[31]_i_1_n_0
    SLICE_X48Y21         FDRE                                         r  NanoProcessor/slow_clock_0/count_reg[21]/R
  -------------------------------------------------------------------    -------------------

                         (clock sys_clk_pin rise edge)
                                                     10.000    10.000 r  
    W5                                                0.000    10.000 r  Clk (IN)
                         net (fo=0)                   0.000    10.000    Clk
    W5                   IBUF (Prop_ibuf_I_O)         1.388    11.388 r  Clk_IBUF_inst/O
                         net (fo=1, routed)           1.862    13.250    Clk_IBUF
    BUFGCTRL_X0Y0        BUFG (Prop_bufg_I_O)         0.091    13.341 r  Clk_IBUF_BUFG_inst/O
                         net (fo=34, routed)          1.439    14.780    NanoProcessor/slow_clock_0/Clk_IBUF_BUFG
    SLICE_X48Y21         FDRE                                         r  NanoProcessor/slow_clock_0/count_reg[21]/C
                         clock pessimism              0.297    15.077    
                         clock uncertainty           -0.035    15.042    
    SLICE_X48Y21         FDRE (Setup_fdre_C_R)       -0.429    14.613    NanoProcessor/slow_clock_0/count_reg[21]
  -------------------------------------------------------------------
                         required time                         14.613    
                         arrival time                          -9.091    
  -------------------------------------------------------------------
                         slack                                  5.522    

Slack (MET) :             5.522ns  (required time - arrival time)
  Source:                 NanoProcessor/slow_clock_0/count_reg[23]/C
                            (rising edge-triggered cell FDRE clocked by sys_clk_pin  {rise@0.000ns fall@5.000ns period=10.000ns})
  Destination:            NanoProcessor/slow_clock_0/count_reg[22]/R
                            (rising edge-triggered cell FDRE clocked by sys_clk_pin  {rise@0.000ns fall@5.000ns period=10.000ns})
  Path Group:             sys_clk_pin
  Path Type:              Setup (Max at Slow Process Corner)
  Requirement:            10.000ns  (sys_clk_pin rise@10.000ns - sys_clk_pin rise@0.000ns)
  Data Path Delay:        4.014ns  (logic 0.828ns (20.627%)  route 3.186ns (79.373%))
  Logic Levels:           3  (LUT4=2 LUT6=1)
  Clock Path Skew:        0.000ns (DCD - SCD + CPR)
    Destination Clock Delay (DCD):    4.780ns = ( 14.780 - 10.000 ) 
    Source Clock Delay      (SCD):    5.077ns
    Clock Pessimism Removal (CPR):    0.297ns
  Clock Uncertainty:      0.035ns  ((TSJ^2 + TIJ^2)^1/2 + DJ) / 2 + PE
    Total System Jitter     (TSJ):    0.071ns
    Total Input Jitter      (TIJ):    0.000ns
    Discrete Jitter          (DJ):    0.000ns
    Phase Error              (PE):    0.000ns

    Location             Delay type                Incr(ns)  Path(ns)    Netlist Resource(s)
  -------------------------------------------------------------------    -------------------
                         (clock sys_clk_pin rise edge)
                                                      0.000     0.000 r  
    W5                                                0.000     0.000 r  Clk (IN)
                         net (fo=0)                   0.000     0.000    Clk
    W5                   IBUF (Prop_ibuf_I_O)         1.458     1.458 r  Clk_IBUF_inst/O
                         net (fo=1, routed)           1.967     3.425    Clk_IBUF
    BUFGCTRL_X0Y0        BUFG (Prop_bufg_I_O)         0.096     3.521 r  Clk_IBUF_BUFG_inst/O
                         net (fo=34, routed)          1.556     5.077    NanoProcessor/slow_clock_0/Clk_IBUF_BUFG
    SLICE_X48Y21         FDRE                                         r  NanoProcessor/slow_clock_0/count_reg[23]/C
  -------------------------------------------------------------------    -------------------
    SLICE_X48Y21         FDRE (Prop_fdre_C_Q)         0.456     5.533 f  NanoProcessor/slow_clock_0/count_reg[23]/Q
                         net (fo=2, routed)           0.859     6.392    NanoProcessor/slow_clock_0/count[23]
    SLICE_X49Y21         LUT4 (Prop_lut4_I0_O)        0.124     6.516 f  NanoProcessor/slow_clock_0/count[0]_i_5/O
                         net (fo=1, routed)           0.433     6.949    NanoProcessor/slow_clock_0/count[0]_i_5_n_0
    SLICE_X49Y21         LUT6 (Prop_lut6_I0_O)        0.124     7.073 f  NanoProcessor/slow_clock_0/count[0]_i_2/O
                         net (fo=4, routed)           0.974     8.047    NanoProcessor/slow_clock_0/count[0]_i_2_n_0
    SLICE_X49Y18         LUT4 (Prop_lut4_I1_O)        0.124     8.171 r  NanoProcessor/slow_clock_0/count[31]_i_1/O
                         net (fo=31, routed)          0.921     9.091    NanoProcessor/slow_clock_0/count[31]_i_1_n_0
    SLICE_X48Y21         FDRE                                         r  NanoProcessor/slow_clock_0/count_reg[22]/R
  -------------------------------------------------------------------    -------------------

                         (clock sys_clk_pin rise edge)
                                                     10.000    10.000 r  
    W5                                                0.000    10.000 r  Clk (IN)
                         net (fo=0)                   0.000    10.000    Clk
    W5                   IBUF (Prop_ibuf_I_O)         1.388    11.388 r  Clk_IBUF_inst/O
                         net (fo=1, routed)           1.862    13.250    Clk_IBUF
    BUFGCTRL_X0Y0        BUFG (Prop_bufg_I_O)         0.091    13.341 r  Clk_IBUF_BUFG_inst/O
                         net (fo=34, routed)          1.439    14.780    NanoProcessor/slow_clock_0/Clk_IBUF_BUFG
    SLICE_X48Y21         FDRE                                         r  NanoProcessor/slow_clock_0/count_reg[22]/C
                         clock pessimism              0.297    15.077    
                         clock uncertainty           -0.035    15.042    
    SLICE_X48Y21         FDRE (Setup_fdre_C_R)       -0.429    14.613    NanoProcessor/slow_clock_0/count_reg[22]
  -------------------------------------------------------------------
                         required time                         14.613    
                         arrival time                          -9.091    
  -------------------------------------------------------------------
                         slack                                  5.522    

Slack (MET) :             5.522ns  (required time - arrival time)
  Source:                 NanoProcessor/slow_clock_0/count_reg[23]/C
                            (rising edge-triggered cell FDRE clocked by sys_clk_pin  {rise@0.000ns fall@5.000ns period=10.000ns})
  Destination:            NanoProcessor/slow_clock_0/count_reg[23]/R
                            (rising edge-triggered cell FDRE clocked by sys_clk_pin  {rise@0.000ns fall@5.000ns period=10.000ns})
  Path Group:             sys_clk_pin
  Path Type:              Setup (Max at Slow Process Corner)
  Requirement:            10.000ns  (sys_clk_pin rise@10.000ns - sys_clk_pin rise@0.000ns)
  Data Path Delay:        4.014ns  (logic 0.828ns (20.627%)  route 3.186ns (79.373%))
  Logic Levels:           3  (LUT4=2 LUT6=1)
  Clock Path Skew:        0.000ns (DCD - SCD + CPR)
    Destination Clock Delay (DCD):    4.780ns = ( 14.780 - 10.000 ) 
    Source Clock Delay      (SCD):    5.077ns
    Clock Pessimism Removal (CPR):    0.297ns
  Clock Uncertainty:      0.035ns  ((TSJ^2 + TIJ^2)^1/2 + DJ) / 2 + PE
    Total System Jitter     (TSJ):    0.071ns
    Total Input Jitter      (TIJ):    0.000ns
    Discrete Jitter          (DJ):    0.000ns
    Phase Error              (PE):    0.000ns

    Location             Delay type                Incr(ns)  Path(ns)    Netlist Resource(s)
  -------------------------------------------------------------------    -------------------
                         (clock sys_clk_pin rise edge)
                                                      0.000     0.000 r  
    W5                                                0.000     0.000 r  Clk (IN)
                         net (fo=0)                   0.000     0.000    Clk
    W5                   IBUF (Prop_ibuf_I_O)         1.458     1.458 r  Clk_IBUF_inst/O
                         net (fo=1, routed)           1.967     3.425    Clk_IBUF
    BUFGCTRL_X0Y0        BUFG (Prop_bufg_I_O)         0.096     3.521 r  Clk_IBUF_BUFG_inst/O
                         net (fo=34, routed)          1.556     5.077    NanoProcessor/slow_clock_0/Clk_IBUF_BUFG
    SLICE_X48Y21         FDRE                                         r  NanoProcessor/slow_clock_0/count_reg[23]/C
  -------------------------------------------------------------------    -------------------
    SLICE_X48Y21         FDRE (Prop_fdre_C_Q)         0.456     5.533 f  NanoProcessor/slow_clock_0/count_reg[23]/Q
                         net (fo=2, routed)           0.859     6.392    NanoProcessor/slow_clock_0/count[23]
    SLICE_X49Y21         LUT4 (Prop_lut4_I0_O)        0.124     6.516 f  NanoProcessor/slow_clock_0/count[0]_i_5/O
                         net (fo=1, routed)           0.433     6.949    NanoProcessor/slow_clock_0/count[0]_i_5_n_0
    SLICE_X49Y21         LUT6 (Prop_lut6_I0_O)        0.124     7.073 f  NanoProcessor/slow_clock_0/count[0]_i_2/O
                         net (fo=4, routed)           0.974     8.047    NanoProcessor/slow_clock_0/count[0]_i_2_n_0
    SLICE_X49Y18         LUT4 (Prop_lut4_I1_O)        0.124     8.171 r  NanoProcessor/slow_clock_0/count[31]_i_1/O
                         net (fo=31, routed)          0.921     9.091    NanoProcessor/slow_clock_0/count[31]_i_1_n_0
    SLICE_X48Y21         FDRE                                         r  NanoProcessor/slow_clock_0/count_reg[23]/R
  -------------------------------------------------------------------    -------------------

                         (clock sys_clk_pin rise edge)
                                                     10.000    10.000 r  
    W5                                                0.000    10.000 r  Clk (IN)
                         net (fo=0)                   0.000    10.000    Clk
    W5                   IBUF (Prop_ibuf_I_O)         1.388    11.388 r  Clk_IBUF_inst/O
                         net (fo=1, routed)           1.862    13.250    Clk_IBUF
    BUFGCTRL_X0Y0        BUFG (Prop_bufg_I_O)         0.091    13.341 r  Clk_IBUF_BUFG_inst/O
                         net (fo=34, routed)          1.439    14.780    NanoProcessor/slow_clock_0/Clk_IBUF_BUFG
    SLICE_X48Y21         FDRE                                         r  NanoProcessor/slow_clock_0/count_reg[23]/C
                         clock pessimism              0.297    15.077    
                         clock uncertainty           -0.035    15.042    
    SLICE_X48Y21         FDRE (Setup_fdre_C_R)       -0.429    14.613    NanoProcessor/slow_clock_0/count_reg[23]
  -------------------------------------------------------------------
                         required time                         14.613    
                         arrival time                          -9.091    
  -------------------------------------------------------------------
                         slack                                  5.522    

Slack (MET) :             5.522ns  (required time - arrival time)
  Source:                 NanoProcessor/slow_clock_0/count_reg[23]/C
                            (rising edge-triggered cell FDRE clocked by sys_clk_pin  {rise@0.000ns fall@5.000ns period=10.000ns})
  Destination:            NanoProcessor/slow_clock_0/count_reg[24]/R
                            (rising edge-triggered cell FDRE clocked by sys_clk_pin  {rise@0.000ns fall@5.000ns period=10.000ns})
  Path Group:             sys_clk_pin
  Path Type:              Setup (Max at Slow Process Corner)
  Requirement:            10.000ns  (sys_clk_pin rise@10.000ns - sys_clk_pin rise@0.000ns)
  Data Path Delay:        4.014ns  (logic 0.828ns (20.627%)  route 3.186ns (79.373%))
  Logic Levels:           3  (LUT4=2 LUT6=1)
  Clock Path Skew:        0.000ns (DCD - SCD + CPR)
    Destination Clock Delay (DCD):    4.780ns = ( 14.780 - 10.000 ) 
    Source Clock Delay      (SCD):    5.077ns
    Clock Pessimism Removal (CPR):    0.297ns
  Clock Uncertainty:      0.035ns  ((TSJ^2 + TIJ^2)^1/2 + DJ) / 2 + PE
    Total System Jitter     (TSJ):    0.071ns
    Total Input Jitter      (TIJ):    0.000ns
    Discrete Jitter          (DJ):    0.000ns
    Phase Error              (PE):    0.000ns

    Location             Delay type                Incr(ns)  Path(ns)    Netlist Resource(s)
  -------------------------------------------------------------------    -------------------
                         (clock sys_clk_pin rise edge)
                                                      0.000     0.000 r  
    W5                                                0.000     0.000 r  Clk (IN)
                         net (fo=0)                   0.000     0.000    Clk
    W5                   IBUF (Prop_ibuf_I_O)         1.458     1.458 r  Clk_IBUF_inst/O
                         net (fo=1, routed)           1.967     3.425    Clk_IBUF
    BUFGCTRL_X0Y0        BUFG (Prop_bufg_I_O)         0.096     3.521 r  Clk_IBUF_BUFG_inst/O
                         net (fo=34, routed)          1.556     5.077    NanoProcessor/slow_clock_0/Clk_IBUF_BUFG
    SLICE_X48Y21         FDRE                                         r  NanoProcessor/slow_clock_0/count_reg[23]/C
  -------------------------------------------------------------------    -------------------
    SLICE_X48Y21         FDRE (Prop_fdre_C_Q)         0.456     5.533 f  NanoProcessor/slow_clock_0/count_reg[23]/Q
                         net (fo=2, routed)           0.859     6.392    NanoProcessor/slow_clock_0/count[23]
    SLICE_X49Y21         LUT4 (Prop_lut4_I0_O)        0.124     6.516 f  NanoProcessor/slow_clock_0/count[0]_i_5/O
                         net (fo=1, routed)           0.433     6.949    NanoProcessor/slow_clock_0/count[0]_i_5_n_0
    SLICE_X49Y21         LUT6 (Prop_lut6_I0_O)        0.124     7.073 f  NanoProcessor/slow_clock_0/count[0]_i_2/O
                         net (fo=4, routed)           0.974     8.047    NanoProcessor/slow_clock_0/count[0]_i_2_n_0
    SLICE_X49Y18         LUT4 (Prop_lut4_I1_O)        0.124     8.171 r  NanoProcessor/slow_clock_0/count[31]_i_1/O
                         net (fo=31, routed)          0.921     9.091    NanoProcessor/slow_clock_0/count[31]_i_1_n_0
    SLICE_X48Y21         FDRE                                         r  NanoProcessor/slow_clock_0/count_reg[24]/R
  -------------------------------------------------------------------    -------------------

                         (clock sys_clk_pin rise edge)
                                                     10.000    10.000 r  
    W5                                                0.000    10.000 r  Clk (IN)
                         net (fo=0)                   0.000    10.000    Clk
    W5                   IBUF (Prop_ibuf_I_O)         1.388    11.388 r  Clk_IBUF_inst/O
                         net (fo=1, routed)           1.862    13.250    Clk_IBUF
    BUFGCTRL_X0Y0        BUFG (Prop_bufg_I_O)         0.091    13.341 r  Clk_IBUF_BUFG_inst/O
                         net (fo=34, routed)          1.439    14.780    NanoProcessor/slow_clock_0/Clk_IBUF_BUFG
    SLICE_X48Y21         FDRE                                         r  NanoProcessor/slow_clock_0/count_reg[24]/C
                         clock pessimism              0.297    15.077    
                         clock uncertainty           -0.035    15.042    
    SLICE_X48Y21         FDRE (Setup_fdre_C_R)       -0.429    14.613    NanoProcessor/slow_clock_0/count_reg[24]
  -------------------------------------------------------------------
                         required time                         14.613    
                         arrival time                          -9.091    
  -------------------------------------------------------------------
                         slack                                  5.522    

Slack (MET) :             5.529ns  (required time - arrival time)
  Source:                 NanoProcessor/slow_clock_0/count_reg[23]/C
                            (rising edge-triggered cell FDRE clocked by sys_clk_pin  {rise@0.000ns fall@5.000ns period=10.000ns})
  Destination:            NanoProcessor/slow_clock_0/count_reg[1]/R
                            (rising edge-triggered cell FDRE clocked by sys_clk_pin  {rise@0.000ns fall@5.000ns period=10.000ns})
  Path Group:             sys_clk_pin
  Path Type:              Setup (Max at Slow Process Corner)
  Requirement:            10.000ns  (sys_clk_pin rise@10.000ns - sys_clk_pin rise@0.000ns)
  Data Path Delay:        3.988ns  (logic 0.828ns (20.760%)  route 3.160ns (79.240%))
  Logic Levels:           3  (LUT4=2 LUT6=1)
  Clock Path Skew:        -0.018ns (DCD - SCD + CPR)
    Destination Clock Delay (DCD):    4.785ns = ( 14.785 - 10.000 ) 
    Source Clock Delay      (SCD):    5.077ns
    Clock Pessimism Removal (CPR):    0.274ns
  Clock Uncertainty:      0.035ns  ((TSJ^2 + TIJ^2)^1/2 + DJ) / 2 + PE
    Total System Jitter     (TSJ):    0.071ns
    Total Input Jitter      (TIJ):    0.000ns
    Discrete Jitter          (DJ):    0.000ns
    Phase Error              (PE):    0.000ns

    Location             Delay type                Incr(ns)  Path(ns)    Netlist Resource(s)
  -------------------------------------------------------------------    -------------------
                         (clock sys_clk_pin rise edge)
                                                      0.000     0.000 r  
    W5                                                0.000     0.000 r  Clk (IN)
                         net (fo=0)                   0.000     0.000    Clk
    W5                   IBUF (Prop_ibuf_I_O)         1.458     1.458 r  Clk_IBUF_inst/O
                         net (fo=1, routed)           1.967     3.425    Clk_IBUF
    BUFGCTRL_X0Y0        BUFG (Prop_bufg_I_O)         0.096     3.521 r  Clk_IBUF_BUFG_inst/O
                         net (fo=34, routed)          1.556     5.077    NanoProcessor/slow_clock_0/Clk_IBUF_BUFG
    SLICE_X48Y21         FDRE                                         r  NanoProcessor/slow_clock_0/count_reg[23]/C
  -------------------------------------------------------------------    -------------------
    SLICE_X48Y21         FDRE (Prop_fdre_C_Q)         0.456     5.533 f  NanoProcessor/slow_clock_0/count_reg[23]/Q
                         net (fo=2, routed)           0.859     6.392    NanoProcessor/slow_clock_0/count[23]
    SLICE_X49Y21         LUT4 (Prop_lut4_I0_O)        0.124     6.516 f  NanoProcessor/slow_clock_0/count[0]_i_5/O
                         net (fo=1, routed)           0.433     6.949    NanoProcessor/slow_clock_0/count[0]_i_5_n_0
    SLICE_X49Y21         LUT6 (Prop_lut6_I0_O)        0.124     7.073 f  NanoProcessor/slow_clock_0/count[0]_i_2/O
                         net (fo=4, routed)           0.974     8.047    NanoProcessor/slow_clock_0/count[0]_i_2_n_0
    SLICE_X49Y18         LUT4 (Prop_lut4_I1_O)        0.124     8.171 r  NanoProcessor/slow_clock_0/count[31]_i_1/O
                         net (fo=31, routed)          0.895     9.066    NanoProcessor/slow_clock_0/count[31]_i_1_n_0
    SLICE_X48Y16         FDRE                                         r  NanoProcessor/slow_clock_0/count_reg[1]/R
  -------------------------------------------------------------------    -------------------

                         (clock sys_clk_pin rise edge)
                                                     10.000    10.000 r  
    W5                                                0.000    10.000 r  Clk (IN)
                         net (fo=0)                   0.000    10.000    Clk
    W5                   IBUF (Prop_ibuf_I_O)         1.388    11.388 r  Clk_IBUF_inst/O
                         net (fo=1, routed)           1.862    13.250    Clk_IBUF
    BUFGCTRL_X0Y0        BUFG (Prop_bufg_I_O)         0.091    13.341 r  Clk_IBUF_BUFG_inst/O
                         net (fo=34, routed)          1.444    14.785    NanoProcessor/slow_clock_0/Clk_IBUF_BUFG
    SLICE_X48Y16         FDRE                                         r  NanoProcessor/slow_clock_0/count_reg[1]/C
                         clock pessimism              0.274    15.059    
                         clock uncertainty           -0.035    15.024    
    SLICE_X48Y16         FDRE (Setup_fdre_C_R)       -0.429    14.595    NanoProcessor/slow_clock_0/count_reg[1]
  -------------------------------------------------------------------
                         required time                         14.595    
                         arrival time                          -9.066    
  -------------------------------------------------------------------
                         slack                                  5.529    

Slack (MET) :             5.529ns  (required time - arrival time)
  Source:                 NanoProcessor/slow_clock_0/count_reg[23]/C
                            (rising edge-triggered cell FDRE clocked by sys_clk_pin  {rise@0.000ns fall@5.000ns period=10.000ns})
  Destination:            NanoProcessor/slow_clock_0/count_reg[2]/R
                            (rising edge-triggered cell FDRE clocked by sys_clk_pin  {rise@0.000ns fall@5.000ns period=10.000ns})
  Path Group:             sys_clk_pin
  Path Type:              Setup (Max at Slow Process Corner)
  Requirement:            10.000ns  (sys_clk_pin rise@10.000ns - sys_clk_pin rise@0.000ns)
  Data Path Delay:        3.988ns  (logic 0.828ns (20.760%)  route 3.160ns (79.240%))
  Logic Levels:           3  (LUT4=2 LUT6=1)
  Clock Path Skew:        -0.018ns (DCD - SCD + CPR)
    Destination Clock Delay (DCD):    4.785ns = ( 14.785 - 10.000 ) 
    Source Clock Delay      (SCD):    5.077ns
    Clock Pessimism Removal (CPR):    0.274ns
  Clock Uncertainty:      0.035ns  ((TSJ^2 + TIJ^2)^1/2 + DJ) / 2 + PE
    Total System Jitter     (TSJ):    0.071ns
    Total Input Jitter      (TIJ):    0.000ns
    Discrete Jitter          (DJ):    0.000ns
    Phase Error              (PE):    0.000ns

    Location             Delay type                Incr(ns)  Path(ns)    Netlist Resource(s)
  -------------------------------------------------------------------    -------------------
                         (clock sys_clk_pin rise edge)
                                                      0.000     0.000 r  
    W5                                                0.000     0.000 r  Clk (IN)
                         net (fo=0)                   0.000     0.000    Clk
    W5                   IBUF (Prop_ibuf_I_O)         1.458     1.458 r  Clk_IBUF_inst/O
                         net (fo=1, routed)           1.967     3.425    Clk_IBUF
    BUFGCTRL_X0Y0        BUFG (Prop_bufg_I_O)         0.096     3.521 r  Clk_IBUF_BUFG_inst/O
                         net (fo=34, routed)          1.556     5.077    NanoProcessor/slow_clock_0/Clk_IBUF_BUFG
    SLICE_X48Y21         FDRE                                         r  NanoProcessor/slow_clock_0/count_reg[23]/C
  -------------------------------------------------------------------    -------------------
    SLICE_X48Y21         FDRE (Prop_fdre_C_Q)         0.456     5.533 f  NanoProcessor/slow_clock_0/count_reg[23]/Q
                         net (fo=2, routed)           0.859     6.392    NanoProcessor/slow_clock_0/count[23]
    SLICE_X49Y21         LUT4 (Prop_lut4_I0_O)        0.124     6.516 f  NanoProcessor/slow_clock_0/count[0]_i_5/O
                         net (fo=1, routed)           0.433     6.949    NanoProcessor/slow_clock_0/count[0]_i_5_n_0
    SLICE_X49Y21         LUT6 (Prop_lut6_I0_O)        0.124     7.073 f  NanoProcessor/slow_clock_0/count[0]_i_2/O
                         net (fo=4, routed)           0.974     8.047    NanoProcessor/slow_clock_0/count[0]_i_2_n_0
    SLICE_X49Y18         LUT4 (Prop_lut4_I1_O)        0.124     8.171 r  NanoProcessor/slow_clock_0/count[31]_i_1/O
                         net (fo=31, routed)          0.895     9.066    NanoProcessor/slow_clock_0/count[31]_i_1_n_0
    SLICE_X48Y16         FDRE                                         r  NanoProcessor/slow_clock_0/count_reg[2]/R
  -------------------------------------------------------------------    -------------------

                         (clock sys_clk_pin rise edge)
                                                     10.000    10.000 r  
    W5                                                0.000    10.000 r  Clk (IN)
                         net (fo=0)                   0.000    10.000    Clk
    W5                   IBUF (Prop_ibuf_I_O)         1.388    11.388 r  Clk_IBUF_inst/O
                         net (fo=1, routed)           1.862    13.250    Clk_IBUF
    BUFGCTRL_X0Y0        BUFG (Prop_bufg_I_O)         0.091    13.341 r  Clk_IBUF_BUFG_inst/O
                         net (fo=34, routed)          1.444    14.785    NanoProcessor/slow_clock_0/Clk_IBUF_BUFG
    SLICE_X48Y16         FDRE                                         r  NanoProcessor/slow_clock_0/count_reg[2]/C
                         clock pessimism              0.274    15.059    
                         clock uncertainty           -0.035    15.024    
    SLICE_X48Y16         FDRE (Setup_fdre_C_R)       -0.429    14.595    NanoProcessor/slow_clock_0/count_reg[2]
  -------------------------------------------------------------------
                         required time                         14.595    
                         arrival time                          -9.066    
  -------------------------------------------------------------------
                         slack                                  5.529    

Slack (MET) :             5.529ns  (required time - arrival time)
  Source:                 NanoProcessor/slow_clock_0/count_reg[23]/C
                            (rising edge-triggered cell FDRE clocked by sys_clk_pin  {rise@0.000ns fall@5.000ns period=10.000ns})
  Destination:            NanoProcessor/slow_clock_0/count_reg[3]/R
                            (rising edge-triggered cell FDRE clocked by sys_clk_pin  {rise@0.000ns fall@5.000ns period=10.000ns})
  Path Group:             sys_clk_pin
  Path Type:              Setup (Max at Slow Process Corner)
  Requirement:            10.000ns  (sys_clk_pin rise@10.000ns - sys_clk_pin rise@0.000ns)
  Data Path Delay:        3.988ns  (logic 0.828ns (20.760%)  route 3.160ns (79.240%))
  Logic Levels:           3  (LUT4=2 LUT6=1)
  Clock Path Skew:        -0.018ns (DCD - SCD + CPR)
    Destination Clock Delay (DCD):    4.785ns = ( 14.785 - 10.000 ) 
    Source Clock Delay      (SCD):    5.077ns
    Clock Pessimism Removal (CPR):    0.274ns
  Clock Uncertainty:      0.035ns  ((TSJ^2 + TIJ^2)^1/2 + DJ) / 2 + PE
    Total System Jitter     (TSJ):    0.071ns
    Total Input Jitter      (TIJ):    0.000ns
    Discrete Jitter          (DJ):    0.000ns
    Phase Error              (PE):    0.000ns

    Location             Delay type                Incr(ns)  Path(ns)    Netlist Resource(s)
  -------------------------------------------------------------------    -------------------
                         (clock sys_clk_pin rise edge)
                                                      0.000     0.000 r  
    W5                                                0.000     0.000 r  Clk (IN)
                         net (fo=0)                   0.000     0.000    Clk
    W5                   IBUF (Prop_ibuf_I_O)         1.458     1.458 r  Clk_IBUF_inst/O
                         net (fo=1, routed)           1.967     3.425    Clk_IBUF
    BUFGCTRL_X0Y0        BUFG (Prop_bufg_I_O)         0.096     3.521 r  Clk_IBUF_BUFG_inst/O
                         net (fo=34, routed)          1.556     5.077    NanoProcessor/slow_clock_0/Clk_IBUF_BUFG
    SLICE_X48Y21         FDRE                                         r  NanoProcessor/slow_clock_0/count_reg[23]/C
  -------------------------------------------------------------------    -------------------
    SLICE_X48Y21         FDRE (Prop_fdre_C_Q)         0.456     5.533 f  NanoProcessor/slow_clock_0/count_reg[23]/Q
                         net (fo=2, routed)           0.859     6.392    NanoProcessor/slow_clock_0/count[23]
    SLICE_X49Y21         LUT4 (Prop_lut4_I0_O)        0.124     6.516 f  NanoProcessor/slow_clock_0/count[0]_i_5/O
                         net (fo=1, routed)           0.433     6.949    NanoProcessor/slow_clock_0/count[0]_i_5_n_0
    SLICE_X49Y21         LUT6 (Prop_lut6_I0_O)        0.124     7.073 f  NanoProcessor/slow_clock_0/count[0]_i_2/O
                         net (fo=4, routed)           0.974     8.047    NanoProcessor/slow_clock_0/count[0]_i_2_n_0
    SLICE_X49Y18         LUT4 (Prop_lut4_I1_O)        0.124     8.171 r  NanoProcessor/slow_clock_0/count[31]_i_1/O
                         net (fo=31, routed)          0.895     9.066    NanoProcessor/slow_clock_0/count[31]_i_1_n_0
    SLICE_X48Y16         FDRE                                         r  NanoProcessor/slow_clock_0/count_reg[3]/R
  -------------------------------------------------------------------    -------------------

                         (clock sys_clk_pin rise edge)
                                                     10.000    10.000 r  
    W5                                                0.000    10.000 r  Clk (IN)
                         net (fo=0)                   0.000    10.000    Clk
    W5                   IBUF (Prop_ibuf_I_O)         1.388    11.388 r  Clk_IBUF_inst/O
                         net (fo=1, routed)           1.862    13.250    Clk_IBUF
    BUFGCTRL_X0Y0        BUFG (Prop_bufg_I_O)         0.091    13.341 r  Clk_IBUF_BUFG_inst/O
                         net (fo=34, routed)          1.444    14.785    NanoProcessor/slow_clock_0/Clk_IBUF_BUFG
    SLICE_X48Y16         FDRE                                         r  NanoProcessor/slow_clock_0/count_reg[3]/C
                         clock pessimism              0.274    15.059    
                         clock uncertainty           -0.035    15.024    
    SLICE_X48Y16         FDRE (Setup_fdre_C_R)       -0.429    14.595    NanoProcessor/slow_clock_0/count_reg[3]
  -------------------------------------------------------------------
                         required time                         14.595    
                         arrival time                          -9.066    
  -------------------------------------------------------------------
                         slack                                  5.529    

Slack (MET) :             5.529ns  (required time - arrival time)
  Source:                 NanoProcessor/slow_clock_0/count_reg[23]/C
                            (rising edge-triggered cell FDRE clocked by sys_clk_pin  {rise@0.000ns fall@5.000ns period=10.000ns})
  Destination:            NanoProcessor/slow_clock_0/count_reg[4]/R
                            (rising edge-triggered cell FDRE clocked by sys_clk_pin  {rise@0.000ns fall@5.000ns period=10.000ns})
  Path Group:             sys_clk_pin
  Path Type:              Setup (Max at Slow Process Corner)
  Requirement:            10.000ns  (sys_clk_pin rise@10.000ns - sys_clk_pin rise@0.000ns)
  Data Path Delay:        3.988ns  (logic 0.828ns (20.760%)  route 3.160ns (79.240%))
  Logic Levels:           3  (LUT4=2 LUT6=1)
  Clock Path Skew:        -0.018ns (DCD - SCD + CPR)
    Destination Clock Delay (DCD):    4.785ns = ( 14.785 - 10.000 ) 
    Source Clock Delay      (SCD):    5.077ns
    Clock Pessimism Removal (CPR):    0.274ns
  Clock Uncertainty:      0.035ns  ((TSJ^2 + TIJ^2)^1/2 + DJ) / 2 + PE
    Total System Jitter     (TSJ):    0.071ns
    Total Input Jitter      (TIJ):    0.000ns
    Discrete Jitter          (DJ):    0.000ns
    Phase Error              (PE):    0.000ns

    Location             Delay type                Incr(ns)  Path(ns)    Netlist Resource(s)
  -------------------------------------------------------------------    -------------------
                         (clock sys_clk_pin rise edge)
                                                      0.000     0.000 r  
    W5                                                0.000     0.000 r  Clk (IN)
                         net (fo=0)                   0.000     0.000    Clk
    W5                   IBUF (Prop_ibuf_I_O)         1.458     1.458 r  Clk_IBUF_inst/O
                         net (fo=1, routed)           1.967     3.425    Clk_IBUF
    BUFGCTRL_X0Y0        BUFG (Prop_bufg_I_O)         0.096     3.521 r  Clk_IBUF_BUFG_inst/O
                         net (fo=34, routed)          1.556     5.077    NanoProcessor/slow_clock_0/Clk_IBUF_BUFG
    SLICE_X48Y21         FDRE                                         r  NanoProcessor/slow_clock_0/count_reg[23]/C
  -------------------------------------------------------------------    -------------------
    SLICE_X48Y21         FDRE (Prop_fdre_C_Q)         0.456     5.533 f  NanoProcessor/slow_clock_0/count_reg[23]/Q
                         net (fo=2, routed)           0.859     6.392    NanoProcessor/slow_clock_0/count[23]
    SLICE_X49Y21         LUT4 (Prop_lut4_I0_O)        0.124     6.516 f  NanoProcessor/slow_clock_0/count[0]_i_5/O
                         net (fo=1, routed)           0.433     6.949    NanoProcessor/slow_clock_0/count[0]_i_5_n_0
    SLICE_X49Y21         LUT6 (Prop_lut6_I0_O)        0.124     7.073 f  NanoProcessor/slow_clock_0/count[0]_i_2/O
                         net (fo=4, routed)           0.974     8.047    NanoProcessor/slow_clock_0/count[0]_i_2_n_0
    SLICE_X49Y18         LUT4 (Prop_lut4_I1_O)        0.124     8.171 r  NanoProcessor/slow_clock_0/count[31]_i_1/O
                         net (fo=31, routed)          0.895     9.066    NanoProcessor/slow_clock_0/count[31]_i_1_n_0
    SLICE_X48Y16         FDRE                                         r  NanoProcessor/slow_clock_0/count_reg[4]/R
  -------------------------------------------------------------------    -------------------

                         (clock sys_clk_pin rise edge)
                                                     10.000    10.000 r  
    W5                                                0.000    10.000 r  Clk (IN)
                         net (fo=0)                   0.000    10.000    Clk
    W5                   IBUF (Prop_ibuf_I_O)         1.388    11.388 r  Clk_IBUF_inst/O
                         net (fo=1, routed)           1.862    13.250    Clk_IBUF
    BUFGCTRL_X0Y0        BUFG (Prop_bufg_I_O)         0.091    13.341 r  Clk_IBUF_BUFG_inst/O
                         net (fo=34, routed)          1.444    14.785    NanoProcessor/slow_clock_0/Clk_IBUF_BUFG
    SLICE_X48Y16         FDRE                                         r  NanoProcessor/slow_clock_0/count_reg[4]/C
                         clock pessimism              0.274    15.059    
                         clock uncertainty           -0.035    15.024    
    SLICE_X48Y16         FDRE (Setup_fdre_C_R)       -0.429    14.595    NanoProcessor/slow_clock_0/count_reg[4]
  -------------------------------------------------------------------
                         required time                         14.595    
                         arrival time                          -9.066    
  -------------------------------------------------------------------
                         slack                                  5.529    

Slack (MET) :             5.619ns  (required time - arrival time)
  Source:                 NanoProcessor/slow_clock_0/count_reg[23]/C
=======
Slack (MET) :             5.240ns  (required time - arrival time)
  Source:                 NanoProcessor/slow_clock_0/count_reg[6]/C
>>>>>>> Stashed changes:Nanoprocessor-Design-Compettition-main/src/project_1/project_1.runs/impl_1/Nano_Processor_7_seg_timing_summary_routed.rpt
                            (rising edge-triggered cell FDRE clocked by sys_clk_pin  {rise@0.000ns fall@5.000ns period=10.000ns})
  Destination:            NanoProcessor/slow_clock_0/count_reg[1]/R
                            (rising edge-triggered cell FDRE clocked by sys_clk_pin  {rise@0.000ns fall@5.000ns period=10.000ns})
  Path Group:             sys_clk_pin
  Path Type:              Setup (Max at Slow Process Corner)
  Requirement:            10.000ns  (sys_clk_pin rise@10.000ns - sys_clk_pin rise@0.000ns)
<<<<<<< Updated upstream:Optimized/project_1/project_1.runs/impl_1/Nano_Processor_7_seg_timing_summary_routed.rpt
  Data Path Delay:        3.890ns  (logic 0.828ns (21.284%)  route 3.062ns (78.716%))
  Logic Levels:           3  (LUT4=2 LUT6=1)
  Clock Path Skew:        -0.026ns (DCD - SCD + CPR)
    Destination Clock Delay (DCD):    4.777ns = ( 14.777 - 10.000 ) 
    Source Clock Delay      (SCD):    5.077ns
=======
  Data Path Delay:        4.272ns  (logic 0.828ns (19.380%)  route 3.444ns (80.620%))
  Logic Levels:           3  (LUT4=2 LUT5=1)
  Clock Path Skew:        -0.023ns (DCD - SCD + CPR)
    Destination Clock Delay (DCD):    4.853ns = ( 14.853 - 10.000 ) 
    Source Clock Delay      (SCD):    5.150ns
>>>>>>> Stashed changes:Nanoprocessor-Design-Compettition-main/src/project_1/project_1.runs/impl_1/Nano_Processor_7_seg_timing_summary_routed.rpt
    Clock Pessimism Removal (CPR):    0.274ns
  Clock Uncertainty:      0.035ns  ((TSJ^2 + TIJ^2)^1/2 + DJ) / 2 + PE
    Total System Jitter     (TSJ):    0.071ns
    Total Input Jitter      (TIJ):    0.000ns
    Discrete Jitter          (DJ):    0.000ns
    Phase Error              (PE):    0.000ns

    Location             Delay type                Incr(ns)  Path(ns)    Netlist Resource(s)
  -------------------------------------------------------------------    -------------------
                         (clock sys_clk_pin rise edge)
                                                      0.000     0.000 r  
    W5                                                0.000     0.000 r  Clk (IN)
                         net (fo=0)                   0.000     0.000    Clk
    W5                   IBUF (Prop_ibuf_I_O)         1.458     1.458 r  Clk_IBUF_inst/O
                         net (fo=1, routed)           1.967     3.425    Clk_IBUF
    BUFGCTRL_X0Y0        BUFG (Prop_bufg_I_O)         0.096     3.521 r  Clk_IBUF_BUFG_inst/O
<<<<<<< Updated upstream:Optimized/project_1/project_1.runs/impl_1/Nano_Processor_7_seg_timing_summary_routed.rpt
                         net (fo=34, routed)          1.556     5.077    NanoProcessor/slow_clock_0/Clk_IBUF_BUFG
    SLICE_X48Y21         FDRE                                         r  NanoProcessor/slow_clock_0/count_reg[23]/C
  -------------------------------------------------------------------    -------------------
    SLICE_X48Y21         FDRE (Prop_fdre_C_Q)         0.456     5.533 f  NanoProcessor/slow_clock_0/count_reg[23]/Q
                         net (fo=2, routed)           0.859     6.392    NanoProcessor/slow_clock_0/count[23]
    SLICE_X49Y21         LUT4 (Prop_lut4_I0_O)        0.124     6.516 f  NanoProcessor/slow_clock_0/count[0]_i_5/O
                         net (fo=1, routed)           0.433     6.949    NanoProcessor/slow_clock_0/count[0]_i_5_n_0
    SLICE_X49Y21         LUT6 (Prop_lut6_I0_O)        0.124     7.073 f  NanoProcessor/slow_clock_0/count[0]_i_2/O
                         net (fo=4, routed)           0.974     8.047    NanoProcessor/slow_clock_0/count[0]_i_2_n_0
    SLICE_X49Y18         LUT4 (Prop_lut4_I1_O)        0.124     8.171 r  NanoProcessor/slow_clock_0/count[31]_i_1/O
                         net (fo=31, routed)          0.797     8.968    NanoProcessor/slow_clock_0/count[31]_i_1_n_0
    SLICE_X48Y23         FDRE                                         r  NanoProcessor/slow_clock_0/count_reg[29]/R
=======
                         net (fo=34, routed)          1.629     5.150    NanoProcessor/slow_clock_0/Clk_IBUF_BUFG
    SLICE_X63Y17         FDRE                                         r  NanoProcessor/slow_clock_0/count_reg[6]/C
  -------------------------------------------------------------------    -------------------
    SLICE_X63Y17         FDRE (Prop_fdre_C_Q)         0.456     5.606 f  NanoProcessor/slow_clock_0/count_reg[6]/Q
                         net (fo=2, routed)           0.823     6.430    NanoProcessor/slow_clock_0/count[6]
    SLICE_X62Y17         LUT4 (Prop_lut4_I3_O)        0.124     6.554 f  NanoProcessor/slow_clock_0/count[31]_i_7/O
                         net (fo=1, routed)           0.585     7.139    NanoProcessor/slow_clock_0/count[31]_i_7_n_0
    SLICE_X62Y16         LUT5 (Prop_lut5_I4_O)        0.124     7.263 f  NanoProcessor/slow_clock_0/count[31]_i_3/O
                         net (fo=3, routed)           0.993     8.256    NanoProcessor/slow_clock_0/count[31]_i_3_n_0
    SLICE_X62Y20         LUT4 (Prop_lut4_I1_O)        0.124     8.380 r  NanoProcessor/slow_clock_0/count[31]_i_1/O
                         net (fo=31, routed)          1.043     9.423    NanoProcessor/slow_clock_0/count[31]_i_1_n_0
    SLICE_X63Y16         FDRE                                         r  NanoProcessor/slow_clock_0/count_reg[1]/R
>>>>>>> Stashed changes:Nanoprocessor-Design-Compettition-main/src/project_1/project_1.runs/impl_1/Nano_Processor_7_seg_timing_summary_routed.rpt
  -------------------------------------------------------------------    -------------------

                         (clock sys_clk_pin rise edge)
                                                     10.000    10.000 r  
    W5                                                0.000    10.000 r  Clk (IN)
                         net (fo=0)                   0.000    10.000    Clk
    W5                   IBUF (Prop_ibuf_I_O)         1.388    11.388 r  Clk_IBUF_inst/O
                         net (fo=1, routed)           1.862    13.250    Clk_IBUF
    BUFGCTRL_X0Y0        BUFG (Prop_bufg_I_O)         0.091    13.341 r  Clk_IBUF_BUFG_inst/O
<<<<<<< Updated upstream:Optimized/project_1/project_1.runs/impl_1/Nano_Processor_7_seg_timing_summary_routed.rpt
                         net (fo=34, routed)          1.436    14.777    NanoProcessor/slow_clock_0/Clk_IBUF_BUFG
    SLICE_X48Y23         FDRE                                         r  NanoProcessor/slow_clock_0/count_reg[29]/C
                         clock pessimism              0.274    15.051    
                         clock uncertainty           -0.035    15.016    
    SLICE_X48Y23         FDRE (Setup_fdre_C_R)       -0.429    14.587    NanoProcessor/slow_clock_0/count_reg[29]
  -------------------------------------------------------------------
                         required time                         14.587    
                         arrival time                          -8.968    
  -------------------------------------------------------------------
                         slack                                  5.619    

Slack (MET) :             5.619ns  (required time - arrival time)
  Source:                 NanoProcessor/slow_clock_0/count_reg[23]/C
=======
                         net (fo=34, routed)          1.512    14.853    NanoProcessor/slow_clock_0/Clk_IBUF_BUFG
    SLICE_X63Y16         FDRE                                         r  NanoProcessor/slow_clock_0/count_reg[1]/C
                         clock pessimism              0.274    15.127    
                         clock uncertainty           -0.035    15.092    
    SLICE_X63Y16         FDRE (Setup_fdre_C_R)       -0.429    14.663    NanoProcessor/slow_clock_0/count_reg[1]
  -------------------------------------------------------------------
                         required time                         14.663    
                         arrival time                          -9.423    
  -------------------------------------------------------------------
                         slack                                  5.240    

Slack (MET) :             5.240ns  (required time - arrival time)
  Source:                 NanoProcessor/slow_clock_0/count_reg[6]/C
>>>>>>> Stashed changes:Nanoprocessor-Design-Compettition-main/src/project_1/project_1.runs/impl_1/Nano_Processor_7_seg_timing_summary_routed.rpt
                            (rising edge-triggered cell FDRE clocked by sys_clk_pin  {rise@0.000ns fall@5.000ns period=10.000ns})
  Destination:            NanoProcessor/slow_clock_0/count_reg[2]/R
                            (rising edge-triggered cell FDRE clocked by sys_clk_pin  {rise@0.000ns fall@5.000ns period=10.000ns})
  Path Group:             sys_clk_pin
  Path Type:              Setup (Max at Slow Process Corner)
  Requirement:            10.000ns  (sys_clk_pin rise@10.000ns - sys_clk_pin rise@0.000ns)
<<<<<<< Updated upstream:Optimized/project_1/project_1.runs/impl_1/Nano_Processor_7_seg_timing_summary_routed.rpt
  Data Path Delay:        3.890ns  (logic 0.828ns (21.284%)  route 3.062ns (78.716%))
  Logic Levels:           3  (LUT4=2 LUT6=1)
  Clock Path Skew:        -0.026ns (DCD - SCD + CPR)
    Destination Clock Delay (DCD):    4.777ns = ( 14.777 - 10.000 ) 
    Source Clock Delay      (SCD):    5.077ns
=======
  Data Path Delay:        4.272ns  (logic 0.828ns (19.380%)  route 3.444ns (80.620%))
  Logic Levels:           3  (LUT4=2 LUT5=1)
  Clock Path Skew:        -0.023ns (DCD - SCD + CPR)
    Destination Clock Delay (DCD):    4.853ns = ( 14.853 - 10.000 ) 
    Source Clock Delay      (SCD):    5.150ns
>>>>>>> Stashed changes:Nanoprocessor-Design-Compettition-main/src/project_1/project_1.runs/impl_1/Nano_Processor_7_seg_timing_summary_routed.rpt
    Clock Pessimism Removal (CPR):    0.274ns
  Clock Uncertainty:      0.035ns  ((TSJ^2 + TIJ^2)^1/2 + DJ) / 2 + PE
    Total System Jitter     (TSJ):    0.071ns
    Total Input Jitter      (TIJ):    0.000ns
    Discrete Jitter          (DJ):    0.000ns
    Phase Error              (PE):    0.000ns

    Location             Delay type                Incr(ns)  Path(ns)    Netlist Resource(s)
  -------------------------------------------------------------------    -------------------
                         (clock sys_clk_pin rise edge)
                                                      0.000     0.000 r  
    W5                                                0.000     0.000 r  Clk (IN)
                         net (fo=0)                   0.000     0.000    Clk
    W5                   IBUF (Prop_ibuf_I_O)         1.458     1.458 r  Clk_IBUF_inst/O
                         net (fo=1, routed)           1.967     3.425    Clk_IBUF
    BUFGCTRL_X0Y0        BUFG (Prop_bufg_I_O)         0.096     3.521 r  Clk_IBUF_BUFG_inst/O
<<<<<<< Updated upstream:Optimized/project_1/project_1.runs/impl_1/Nano_Processor_7_seg_timing_summary_routed.rpt
                         net (fo=34, routed)          1.556     5.077    NanoProcessor/slow_clock_0/Clk_IBUF_BUFG
    SLICE_X48Y21         FDRE                                         r  NanoProcessor/slow_clock_0/count_reg[23]/C
  -------------------------------------------------------------------    -------------------
    SLICE_X48Y21         FDRE (Prop_fdre_C_Q)         0.456     5.533 f  NanoProcessor/slow_clock_0/count_reg[23]/Q
                         net (fo=2, routed)           0.859     6.392    NanoProcessor/slow_clock_0/count[23]
    SLICE_X49Y21         LUT4 (Prop_lut4_I0_O)        0.124     6.516 f  NanoProcessor/slow_clock_0/count[0]_i_5/O
                         net (fo=1, routed)           0.433     6.949    NanoProcessor/slow_clock_0/count[0]_i_5_n_0
    SLICE_X49Y21         LUT6 (Prop_lut6_I0_O)        0.124     7.073 f  NanoProcessor/slow_clock_0/count[0]_i_2/O
                         net (fo=4, routed)           0.974     8.047    NanoProcessor/slow_clock_0/count[0]_i_2_n_0
    SLICE_X49Y18         LUT4 (Prop_lut4_I1_O)        0.124     8.171 r  NanoProcessor/slow_clock_0/count[31]_i_1/O
                         net (fo=31, routed)          0.797     8.968    NanoProcessor/slow_clock_0/count[31]_i_1_n_0
    SLICE_X48Y23         FDRE                                         r  NanoProcessor/slow_clock_0/count_reg[30]/R
=======
                         net (fo=34, routed)          1.629     5.150    NanoProcessor/slow_clock_0/Clk_IBUF_BUFG
    SLICE_X63Y17         FDRE                                         r  NanoProcessor/slow_clock_0/count_reg[6]/C
  -------------------------------------------------------------------    -------------------
    SLICE_X63Y17         FDRE (Prop_fdre_C_Q)         0.456     5.606 f  NanoProcessor/slow_clock_0/count_reg[6]/Q
                         net (fo=2, routed)           0.823     6.430    NanoProcessor/slow_clock_0/count[6]
    SLICE_X62Y17         LUT4 (Prop_lut4_I3_O)        0.124     6.554 f  NanoProcessor/slow_clock_0/count[31]_i_7/O
                         net (fo=1, routed)           0.585     7.139    NanoProcessor/slow_clock_0/count[31]_i_7_n_0
    SLICE_X62Y16         LUT5 (Prop_lut5_I4_O)        0.124     7.263 f  NanoProcessor/slow_clock_0/count[31]_i_3/O
                         net (fo=3, routed)           0.993     8.256    NanoProcessor/slow_clock_0/count[31]_i_3_n_0
    SLICE_X62Y20         LUT4 (Prop_lut4_I1_O)        0.124     8.380 r  NanoProcessor/slow_clock_0/count[31]_i_1/O
                         net (fo=31, routed)          1.043     9.423    NanoProcessor/slow_clock_0/count[31]_i_1_n_0
    SLICE_X63Y16         FDRE                                         r  NanoProcessor/slow_clock_0/count_reg[2]/R
>>>>>>> Stashed changes:Nanoprocessor-Design-Compettition-main/src/project_1/project_1.runs/impl_1/Nano_Processor_7_seg_timing_summary_routed.rpt
  -------------------------------------------------------------------    -------------------

                         (clock sys_clk_pin rise edge)
                                                     10.000    10.000 r  
    W5                                                0.000    10.000 r  Clk (IN)
                         net (fo=0)                   0.000    10.000    Clk
    W5                   IBUF (Prop_ibuf_I_O)         1.388    11.388 r  Clk_IBUF_inst/O
                         net (fo=1, routed)           1.862    13.250    Clk_IBUF
    BUFGCTRL_X0Y0        BUFG (Prop_bufg_I_O)         0.091    13.341 r  Clk_IBUF_BUFG_inst/O
<<<<<<< Updated upstream:Optimized/project_1/project_1.runs/impl_1/Nano_Processor_7_seg_timing_summary_routed.rpt
                         net (fo=34, routed)          1.436    14.777    NanoProcessor/slow_clock_0/Clk_IBUF_BUFG
    SLICE_X48Y23         FDRE                                         r  NanoProcessor/slow_clock_0/count_reg[30]/C
                         clock pessimism              0.274    15.051    
                         clock uncertainty           -0.035    15.016    
    SLICE_X48Y23         FDRE (Setup_fdre_C_R)       -0.429    14.587    NanoProcessor/slow_clock_0/count_reg[30]
  -------------------------------------------------------------------
                         required time                         14.587    
                         arrival time                          -8.968    
  -------------------------------------------------------------------
                         slack                                  5.619    
=======
                         net (fo=34, routed)          1.512    14.853    NanoProcessor/slow_clock_0/Clk_IBUF_BUFG
    SLICE_X63Y16         FDRE                                         r  NanoProcessor/slow_clock_0/count_reg[2]/C
                         clock pessimism              0.274    15.127    
                         clock uncertainty           -0.035    15.092    
    SLICE_X63Y16         FDRE (Setup_fdre_C_R)       -0.429    14.663    NanoProcessor/slow_clock_0/count_reg[2]
  -------------------------------------------------------------------
                         required time                         14.663    
                         arrival time                          -9.423    
  -------------------------------------------------------------------
                         slack                                  5.240    

Slack (MET) :             5.240ns  (required time - arrival time)
  Source:                 NanoProcessor/slow_clock_0/count_reg[6]/C
                            (rising edge-triggered cell FDRE clocked by sys_clk_pin  {rise@0.000ns fall@5.000ns period=10.000ns})
  Destination:            NanoProcessor/slow_clock_0/count_reg[3]/R
                            (rising edge-triggered cell FDRE clocked by sys_clk_pin  {rise@0.000ns fall@5.000ns period=10.000ns})
  Path Group:             sys_clk_pin
  Path Type:              Setup (Max at Slow Process Corner)
  Requirement:            10.000ns  (sys_clk_pin rise@10.000ns - sys_clk_pin rise@0.000ns)
  Data Path Delay:        4.272ns  (logic 0.828ns (19.380%)  route 3.444ns (80.620%))
  Logic Levels:           3  (LUT4=2 LUT5=1)
  Clock Path Skew:        -0.023ns (DCD - SCD + CPR)
    Destination Clock Delay (DCD):    4.853ns = ( 14.853 - 10.000 ) 
    Source Clock Delay      (SCD):    5.150ns
    Clock Pessimism Removal (CPR):    0.274ns
  Clock Uncertainty:      0.035ns  ((TSJ^2 + TIJ^2)^1/2 + DJ) / 2 + PE
    Total System Jitter     (TSJ):    0.071ns
    Total Input Jitter      (TIJ):    0.000ns
    Discrete Jitter          (DJ):    0.000ns
    Phase Error              (PE):    0.000ns

    Location             Delay type                Incr(ns)  Path(ns)    Netlist Resource(s)
  -------------------------------------------------------------------    -------------------
                         (clock sys_clk_pin rise edge)
                                                      0.000     0.000 r  
    W5                                                0.000     0.000 r  Clk (IN)
                         net (fo=0)                   0.000     0.000    Clk
    W5                   IBUF (Prop_ibuf_I_O)         1.458     1.458 r  Clk_IBUF_inst/O
                         net (fo=1, routed)           1.967     3.425    Clk_IBUF
    BUFGCTRL_X0Y0        BUFG (Prop_bufg_I_O)         0.096     3.521 r  Clk_IBUF_BUFG_inst/O
                         net (fo=34, routed)          1.629     5.150    NanoProcessor/slow_clock_0/Clk_IBUF_BUFG
    SLICE_X63Y17         FDRE                                         r  NanoProcessor/slow_clock_0/count_reg[6]/C
  -------------------------------------------------------------------    -------------------
    SLICE_X63Y17         FDRE (Prop_fdre_C_Q)         0.456     5.606 f  NanoProcessor/slow_clock_0/count_reg[6]/Q
                         net (fo=2, routed)           0.823     6.430    NanoProcessor/slow_clock_0/count[6]
    SLICE_X62Y17         LUT4 (Prop_lut4_I3_O)        0.124     6.554 f  NanoProcessor/slow_clock_0/count[31]_i_7/O
                         net (fo=1, routed)           0.585     7.139    NanoProcessor/slow_clock_0/count[31]_i_7_n_0
    SLICE_X62Y16         LUT5 (Prop_lut5_I4_O)        0.124     7.263 f  NanoProcessor/slow_clock_0/count[31]_i_3/O
                         net (fo=3, routed)           0.993     8.256    NanoProcessor/slow_clock_0/count[31]_i_3_n_0
    SLICE_X62Y20         LUT4 (Prop_lut4_I1_O)        0.124     8.380 r  NanoProcessor/slow_clock_0/count[31]_i_1/O
                         net (fo=31, routed)          1.043     9.423    NanoProcessor/slow_clock_0/count[31]_i_1_n_0
    SLICE_X63Y16         FDRE                                         r  NanoProcessor/slow_clock_0/count_reg[3]/R
  -------------------------------------------------------------------    -------------------

                         (clock sys_clk_pin rise edge)
                                                     10.000    10.000 r  
    W5                                                0.000    10.000 r  Clk (IN)
                         net (fo=0)                   0.000    10.000    Clk
    W5                   IBUF (Prop_ibuf_I_O)         1.388    11.388 r  Clk_IBUF_inst/O
                         net (fo=1, routed)           1.862    13.250    Clk_IBUF
    BUFGCTRL_X0Y0        BUFG (Prop_bufg_I_O)         0.091    13.341 r  Clk_IBUF_BUFG_inst/O
                         net (fo=34, routed)          1.512    14.853    NanoProcessor/slow_clock_0/Clk_IBUF_BUFG
    SLICE_X63Y16         FDRE                                         r  NanoProcessor/slow_clock_0/count_reg[3]/C
                         clock pessimism              0.274    15.127    
                         clock uncertainty           -0.035    15.092    
    SLICE_X63Y16         FDRE (Setup_fdre_C_R)       -0.429    14.663    NanoProcessor/slow_clock_0/count_reg[3]
  -------------------------------------------------------------------
                         required time                         14.663    
                         arrival time                          -9.423    
  -------------------------------------------------------------------
                         slack                                  5.240    

Slack (MET) :             5.240ns  (required time - arrival time)
  Source:                 NanoProcessor/slow_clock_0/count_reg[6]/C
                            (rising edge-triggered cell FDRE clocked by sys_clk_pin  {rise@0.000ns fall@5.000ns period=10.000ns})
  Destination:            NanoProcessor/slow_clock_0/count_reg[4]/R
                            (rising edge-triggered cell FDRE clocked by sys_clk_pin  {rise@0.000ns fall@5.000ns period=10.000ns})
  Path Group:             sys_clk_pin
  Path Type:              Setup (Max at Slow Process Corner)
  Requirement:            10.000ns  (sys_clk_pin rise@10.000ns - sys_clk_pin rise@0.000ns)
  Data Path Delay:        4.272ns  (logic 0.828ns (19.380%)  route 3.444ns (80.620%))
  Logic Levels:           3  (LUT4=2 LUT5=1)
  Clock Path Skew:        -0.023ns (DCD - SCD + CPR)
    Destination Clock Delay (DCD):    4.853ns = ( 14.853 - 10.000 ) 
    Source Clock Delay      (SCD):    5.150ns
    Clock Pessimism Removal (CPR):    0.274ns
  Clock Uncertainty:      0.035ns  ((TSJ^2 + TIJ^2)^1/2 + DJ) / 2 + PE
    Total System Jitter     (TSJ):    0.071ns
    Total Input Jitter      (TIJ):    0.000ns
    Discrete Jitter          (DJ):    0.000ns
    Phase Error              (PE):    0.000ns

    Location             Delay type                Incr(ns)  Path(ns)    Netlist Resource(s)
  -------------------------------------------------------------------    -------------------
                         (clock sys_clk_pin rise edge)
                                                      0.000     0.000 r  
    W5                                                0.000     0.000 r  Clk (IN)
                         net (fo=0)                   0.000     0.000    Clk
    W5                   IBUF (Prop_ibuf_I_O)         1.458     1.458 r  Clk_IBUF_inst/O
                         net (fo=1, routed)           1.967     3.425    Clk_IBUF
    BUFGCTRL_X0Y0        BUFG (Prop_bufg_I_O)         0.096     3.521 r  Clk_IBUF_BUFG_inst/O
                         net (fo=34, routed)          1.629     5.150    NanoProcessor/slow_clock_0/Clk_IBUF_BUFG
    SLICE_X63Y17         FDRE                                         r  NanoProcessor/slow_clock_0/count_reg[6]/C
  -------------------------------------------------------------------    -------------------
    SLICE_X63Y17         FDRE (Prop_fdre_C_Q)         0.456     5.606 f  NanoProcessor/slow_clock_0/count_reg[6]/Q
                         net (fo=2, routed)           0.823     6.430    NanoProcessor/slow_clock_0/count[6]
    SLICE_X62Y17         LUT4 (Prop_lut4_I3_O)        0.124     6.554 f  NanoProcessor/slow_clock_0/count[31]_i_7/O
                         net (fo=1, routed)           0.585     7.139    NanoProcessor/slow_clock_0/count[31]_i_7_n_0
    SLICE_X62Y16         LUT5 (Prop_lut5_I4_O)        0.124     7.263 f  NanoProcessor/slow_clock_0/count[31]_i_3/O
                         net (fo=3, routed)           0.993     8.256    NanoProcessor/slow_clock_0/count[31]_i_3_n_0
    SLICE_X62Y20         LUT4 (Prop_lut4_I1_O)        0.124     8.380 r  NanoProcessor/slow_clock_0/count[31]_i_1/O
                         net (fo=31, routed)          1.043     9.423    NanoProcessor/slow_clock_0/count[31]_i_1_n_0
    SLICE_X63Y16         FDRE                                         r  NanoProcessor/slow_clock_0/count_reg[4]/R
  -------------------------------------------------------------------    -------------------

                         (clock sys_clk_pin rise edge)
                                                     10.000    10.000 r  
    W5                                                0.000    10.000 r  Clk (IN)
                         net (fo=0)                   0.000    10.000    Clk
    W5                   IBUF (Prop_ibuf_I_O)         1.388    11.388 r  Clk_IBUF_inst/O
                         net (fo=1, routed)           1.862    13.250    Clk_IBUF
    BUFGCTRL_X0Y0        BUFG (Prop_bufg_I_O)         0.091    13.341 r  Clk_IBUF_BUFG_inst/O
                         net (fo=34, routed)          1.512    14.853    NanoProcessor/slow_clock_0/Clk_IBUF_BUFG
    SLICE_X63Y16         FDRE                                         r  NanoProcessor/slow_clock_0/count_reg[4]/C
                         clock pessimism              0.274    15.127    
                         clock uncertainty           -0.035    15.092    
    SLICE_X63Y16         FDRE (Setup_fdre_C_R)       -0.429    14.663    NanoProcessor/slow_clock_0/count_reg[4]
  -------------------------------------------------------------------
                         required time                         14.663    
                         arrival time                          -9.423    
  -------------------------------------------------------------------
                         slack                                  5.240    

Slack (MET) :             5.355ns  (required time - arrival time)
  Source:                 NanoProcessor/slow_clock_0/count_reg[6]/C
                            (rising edge-triggered cell FDRE clocked by sys_clk_pin  {rise@0.000ns fall@5.000ns period=10.000ns})
  Destination:            NanoProcessor/slow_clock_0/count_reg[5]/R
                            (rising edge-triggered cell FDRE clocked by sys_clk_pin  {rise@0.000ns fall@5.000ns period=10.000ns})
  Path Group:             sys_clk_pin
  Path Type:              Setup (Max at Slow Process Corner)
  Requirement:            10.000ns  (sys_clk_pin rise@10.000ns - sys_clk_pin rise@0.000ns)
  Data Path Delay:        4.180ns  (logic 0.828ns (19.807%)  route 3.352ns (80.193%))
  Logic Levels:           3  (LUT4=2 LUT5=1)
  Clock Path Skew:        0.000ns (DCD - SCD + CPR)
    Destination Clock Delay (DCD):    4.852ns = ( 14.852 - 10.000 ) 
    Source Clock Delay      (SCD):    5.150ns
    Clock Pessimism Removal (CPR):    0.298ns
  Clock Uncertainty:      0.035ns  ((TSJ^2 + TIJ^2)^1/2 + DJ) / 2 + PE
    Total System Jitter     (TSJ):    0.071ns
    Total Input Jitter      (TIJ):    0.000ns
    Discrete Jitter          (DJ):    0.000ns
    Phase Error              (PE):    0.000ns

    Location             Delay type                Incr(ns)  Path(ns)    Netlist Resource(s)
  -------------------------------------------------------------------    -------------------
                         (clock sys_clk_pin rise edge)
                                                      0.000     0.000 r  
    W5                                                0.000     0.000 r  Clk (IN)
                         net (fo=0)                   0.000     0.000    Clk
    W5                   IBUF (Prop_ibuf_I_O)         1.458     1.458 r  Clk_IBUF_inst/O
                         net (fo=1, routed)           1.967     3.425    Clk_IBUF
    BUFGCTRL_X0Y0        BUFG (Prop_bufg_I_O)         0.096     3.521 r  Clk_IBUF_BUFG_inst/O
                         net (fo=34, routed)          1.629     5.150    NanoProcessor/slow_clock_0/Clk_IBUF_BUFG
    SLICE_X63Y17         FDRE                                         r  NanoProcessor/slow_clock_0/count_reg[6]/C
  -------------------------------------------------------------------    -------------------
    SLICE_X63Y17         FDRE (Prop_fdre_C_Q)         0.456     5.606 f  NanoProcessor/slow_clock_0/count_reg[6]/Q
                         net (fo=2, routed)           0.823     6.430    NanoProcessor/slow_clock_0/count[6]
    SLICE_X62Y17         LUT4 (Prop_lut4_I3_O)        0.124     6.554 f  NanoProcessor/slow_clock_0/count[31]_i_7/O
                         net (fo=1, routed)           0.585     7.139    NanoProcessor/slow_clock_0/count[31]_i_7_n_0
    SLICE_X62Y16         LUT5 (Prop_lut5_I4_O)        0.124     7.263 f  NanoProcessor/slow_clock_0/count[31]_i_3/O
                         net (fo=3, routed)           0.993     8.256    NanoProcessor/slow_clock_0/count[31]_i_3_n_0
    SLICE_X62Y20         LUT4 (Prop_lut4_I1_O)        0.124     8.380 r  NanoProcessor/slow_clock_0/count[31]_i_1/O
                         net (fo=31, routed)          0.951     9.331    NanoProcessor/slow_clock_0/count[31]_i_1_n_0
    SLICE_X63Y17         FDRE                                         r  NanoProcessor/slow_clock_0/count_reg[5]/R
  -------------------------------------------------------------------    -------------------

                         (clock sys_clk_pin rise edge)
                                                     10.000    10.000 r  
    W5                                                0.000    10.000 r  Clk (IN)
                         net (fo=0)                   0.000    10.000    Clk
    W5                   IBUF (Prop_ibuf_I_O)         1.388    11.388 r  Clk_IBUF_inst/O
                         net (fo=1, routed)           1.862    13.250    Clk_IBUF
    BUFGCTRL_X0Y0        BUFG (Prop_bufg_I_O)         0.091    13.341 r  Clk_IBUF_BUFG_inst/O
                         net (fo=34, routed)          1.511    14.852    NanoProcessor/slow_clock_0/Clk_IBUF_BUFG
    SLICE_X63Y17         FDRE                                         r  NanoProcessor/slow_clock_0/count_reg[5]/C
                         clock pessimism              0.298    15.150    
                         clock uncertainty           -0.035    15.115    
    SLICE_X63Y17         FDRE (Setup_fdre_C_R)       -0.429    14.686    NanoProcessor/slow_clock_0/count_reg[5]
  -------------------------------------------------------------------
                         required time                         14.686    
                         arrival time                          -9.331    
  -------------------------------------------------------------------
                         slack                                  5.355    

Slack (MET) :             5.355ns  (required time - arrival time)
  Source:                 NanoProcessor/slow_clock_0/count_reg[6]/C
                            (rising edge-triggered cell FDRE clocked by sys_clk_pin  {rise@0.000ns fall@5.000ns period=10.000ns})
  Destination:            NanoProcessor/slow_clock_0/count_reg[6]/R
                            (rising edge-triggered cell FDRE clocked by sys_clk_pin  {rise@0.000ns fall@5.000ns period=10.000ns})
  Path Group:             sys_clk_pin
  Path Type:              Setup (Max at Slow Process Corner)
  Requirement:            10.000ns  (sys_clk_pin rise@10.000ns - sys_clk_pin rise@0.000ns)
  Data Path Delay:        4.180ns  (logic 0.828ns (19.807%)  route 3.352ns (80.193%))
  Logic Levels:           3  (LUT4=2 LUT5=1)
  Clock Path Skew:        0.000ns (DCD - SCD + CPR)
    Destination Clock Delay (DCD):    4.852ns = ( 14.852 - 10.000 ) 
    Source Clock Delay      (SCD):    5.150ns
    Clock Pessimism Removal (CPR):    0.298ns
  Clock Uncertainty:      0.035ns  ((TSJ^2 + TIJ^2)^1/2 + DJ) / 2 + PE
    Total System Jitter     (TSJ):    0.071ns
    Total Input Jitter      (TIJ):    0.000ns
    Discrete Jitter          (DJ):    0.000ns
    Phase Error              (PE):    0.000ns

    Location             Delay type                Incr(ns)  Path(ns)    Netlist Resource(s)
  -------------------------------------------------------------------    -------------------
                         (clock sys_clk_pin rise edge)
                                                      0.000     0.000 r  
    W5                                                0.000     0.000 r  Clk (IN)
                         net (fo=0)                   0.000     0.000    Clk
    W5                   IBUF (Prop_ibuf_I_O)         1.458     1.458 r  Clk_IBUF_inst/O
                         net (fo=1, routed)           1.967     3.425    Clk_IBUF
    BUFGCTRL_X0Y0        BUFG (Prop_bufg_I_O)         0.096     3.521 r  Clk_IBUF_BUFG_inst/O
                         net (fo=34, routed)          1.629     5.150    NanoProcessor/slow_clock_0/Clk_IBUF_BUFG
    SLICE_X63Y17         FDRE                                         r  NanoProcessor/slow_clock_0/count_reg[6]/C
  -------------------------------------------------------------------    -------------------
    SLICE_X63Y17         FDRE (Prop_fdre_C_Q)         0.456     5.606 f  NanoProcessor/slow_clock_0/count_reg[6]/Q
                         net (fo=2, routed)           0.823     6.430    NanoProcessor/slow_clock_0/count[6]
    SLICE_X62Y17         LUT4 (Prop_lut4_I3_O)        0.124     6.554 f  NanoProcessor/slow_clock_0/count[31]_i_7/O
                         net (fo=1, routed)           0.585     7.139    NanoProcessor/slow_clock_0/count[31]_i_7_n_0
    SLICE_X62Y16         LUT5 (Prop_lut5_I4_O)        0.124     7.263 f  NanoProcessor/slow_clock_0/count[31]_i_3/O
                         net (fo=3, routed)           0.993     8.256    NanoProcessor/slow_clock_0/count[31]_i_3_n_0
    SLICE_X62Y20         LUT4 (Prop_lut4_I1_O)        0.124     8.380 r  NanoProcessor/slow_clock_0/count[31]_i_1/O
                         net (fo=31, routed)          0.951     9.331    NanoProcessor/slow_clock_0/count[31]_i_1_n_0
    SLICE_X63Y17         FDRE                                         r  NanoProcessor/slow_clock_0/count_reg[6]/R
  -------------------------------------------------------------------    -------------------

                         (clock sys_clk_pin rise edge)
                                                     10.000    10.000 r  
    W5                                                0.000    10.000 r  Clk (IN)
                         net (fo=0)                   0.000    10.000    Clk
    W5                   IBUF (Prop_ibuf_I_O)         1.388    11.388 r  Clk_IBUF_inst/O
                         net (fo=1, routed)           1.862    13.250    Clk_IBUF
    BUFGCTRL_X0Y0        BUFG (Prop_bufg_I_O)         0.091    13.341 r  Clk_IBUF_BUFG_inst/O
                         net (fo=34, routed)          1.511    14.852    NanoProcessor/slow_clock_0/Clk_IBUF_BUFG
    SLICE_X63Y17         FDRE                                         r  NanoProcessor/slow_clock_0/count_reg[6]/C
                         clock pessimism              0.298    15.150    
                         clock uncertainty           -0.035    15.115    
    SLICE_X63Y17         FDRE (Setup_fdre_C_R)       -0.429    14.686    NanoProcessor/slow_clock_0/count_reg[6]
  -------------------------------------------------------------------
                         required time                         14.686    
                         arrival time                          -9.331    
  -------------------------------------------------------------------
                         slack                                  5.355    

Slack (MET) :             5.355ns  (required time - arrival time)
  Source:                 NanoProcessor/slow_clock_0/count_reg[6]/C
                            (rising edge-triggered cell FDRE clocked by sys_clk_pin  {rise@0.000ns fall@5.000ns period=10.000ns})
  Destination:            NanoProcessor/slow_clock_0/count_reg[7]/R
                            (rising edge-triggered cell FDRE clocked by sys_clk_pin  {rise@0.000ns fall@5.000ns period=10.000ns})
  Path Group:             sys_clk_pin
  Path Type:              Setup (Max at Slow Process Corner)
  Requirement:            10.000ns  (sys_clk_pin rise@10.000ns - sys_clk_pin rise@0.000ns)
  Data Path Delay:        4.180ns  (logic 0.828ns (19.807%)  route 3.352ns (80.193%))
  Logic Levels:           3  (LUT4=2 LUT5=1)
  Clock Path Skew:        0.000ns (DCD - SCD + CPR)
    Destination Clock Delay (DCD):    4.852ns = ( 14.852 - 10.000 ) 
    Source Clock Delay      (SCD):    5.150ns
    Clock Pessimism Removal (CPR):    0.298ns
  Clock Uncertainty:      0.035ns  ((TSJ^2 + TIJ^2)^1/2 + DJ) / 2 + PE
    Total System Jitter     (TSJ):    0.071ns
    Total Input Jitter      (TIJ):    0.000ns
    Discrete Jitter          (DJ):    0.000ns
    Phase Error              (PE):    0.000ns

    Location             Delay type                Incr(ns)  Path(ns)    Netlist Resource(s)
  -------------------------------------------------------------------    -------------------
                         (clock sys_clk_pin rise edge)
                                                      0.000     0.000 r  
    W5                                                0.000     0.000 r  Clk (IN)
                         net (fo=0)                   0.000     0.000    Clk
    W5                   IBUF (Prop_ibuf_I_O)         1.458     1.458 r  Clk_IBUF_inst/O
                         net (fo=1, routed)           1.967     3.425    Clk_IBUF
    BUFGCTRL_X0Y0        BUFG (Prop_bufg_I_O)         0.096     3.521 r  Clk_IBUF_BUFG_inst/O
                         net (fo=34, routed)          1.629     5.150    NanoProcessor/slow_clock_0/Clk_IBUF_BUFG
    SLICE_X63Y17         FDRE                                         r  NanoProcessor/slow_clock_0/count_reg[6]/C
  -------------------------------------------------------------------    -------------------
    SLICE_X63Y17         FDRE (Prop_fdre_C_Q)         0.456     5.606 f  NanoProcessor/slow_clock_0/count_reg[6]/Q
                         net (fo=2, routed)           0.823     6.430    NanoProcessor/slow_clock_0/count[6]
    SLICE_X62Y17         LUT4 (Prop_lut4_I3_O)        0.124     6.554 f  NanoProcessor/slow_clock_0/count[31]_i_7/O
                         net (fo=1, routed)           0.585     7.139    NanoProcessor/slow_clock_0/count[31]_i_7_n_0
    SLICE_X62Y16         LUT5 (Prop_lut5_I4_O)        0.124     7.263 f  NanoProcessor/slow_clock_0/count[31]_i_3/O
                         net (fo=3, routed)           0.993     8.256    NanoProcessor/slow_clock_0/count[31]_i_3_n_0
    SLICE_X62Y20         LUT4 (Prop_lut4_I1_O)        0.124     8.380 r  NanoProcessor/slow_clock_0/count[31]_i_1/O
                         net (fo=31, routed)          0.951     9.331    NanoProcessor/slow_clock_0/count[31]_i_1_n_0
    SLICE_X63Y17         FDRE                                         r  NanoProcessor/slow_clock_0/count_reg[7]/R
  -------------------------------------------------------------------    -------------------

                         (clock sys_clk_pin rise edge)
                                                     10.000    10.000 r  
    W5                                                0.000    10.000 r  Clk (IN)
                         net (fo=0)                   0.000    10.000    Clk
    W5                   IBUF (Prop_ibuf_I_O)         1.388    11.388 r  Clk_IBUF_inst/O
                         net (fo=1, routed)           1.862    13.250    Clk_IBUF
    BUFGCTRL_X0Y0        BUFG (Prop_bufg_I_O)         0.091    13.341 r  Clk_IBUF_BUFG_inst/O
                         net (fo=34, routed)          1.511    14.852    NanoProcessor/slow_clock_0/Clk_IBUF_BUFG
    SLICE_X63Y17         FDRE                                         r  NanoProcessor/slow_clock_0/count_reg[7]/C
                         clock pessimism              0.298    15.150    
                         clock uncertainty           -0.035    15.115    
    SLICE_X63Y17         FDRE (Setup_fdre_C_R)       -0.429    14.686    NanoProcessor/slow_clock_0/count_reg[7]
  -------------------------------------------------------------------
                         required time                         14.686    
                         arrival time                          -9.331    
  -------------------------------------------------------------------
                         slack                                  5.355    

Slack (MET) :             5.355ns  (required time - arrival time)
  Source:                 NanoProcessor/slow_clock_0/count_reg[6]/C
                            (rising edge-triggered cell FDRE clocked by sys_clk_pin  {rise@0.000ns fall@5.000ns period=10.000ns})
  Destination:            NanoProcessor/slow_clock_0/count_reg[8]/R
                            (rising edge-triggered cell FDRE clocked by sys_clk_pin  {rise@0.000ns fall@5.000ns period=10.000ns})
  Path Group:             sys_clk_pin
  Path Type:              Setup (Max at Slow Process Corner)
  Requirement:            10.000ns  (sys_clk_pin rise@10.000ns - sys_clk_pin rise@0.000ns)
  Data Path Delay:        4.180ns  (logic 0.828ns (19.807%)  route 3.352ns (80.193%))
  Logic Levels:           3  (LUT4=2 LUT5=1)
  Clock Path Skew:        0.000ns (DCD - SCD + CPR)
    Destination Clock Delay (DCD):    4.852ns = ( 14.852 - 10.000 ) 
    Source Clock Delay      (SCD):    5.150ns
    Clock Pessimism Removal (CPR):    0.298ns
  Clock Uncertainty:      0.035ns  ((TSJ^2 + TIJ^2)^1/2 + DJ) / 2 + PE
    Total System Jitter     (TSJ):    0.071ns
    Total Input Jitter      (TIJ):    0.000ns
    Discrete Jitter          (DJ):    0.000ns
    Phase Error              (PE):    0.000ns

    Location             Delay type                Incr(ns)  Path(ns)    Netlist Resource(s)
  -------------------------------------------------------------------    -------------------
                         (clock sys_clk_pin rise edge)
                                                      0.000     0.000 r  
    W5                                                0.000     0.000 r  Clk (IN)
                         net (fo=0)                   0.000     0.000    Clk
    W5                   IBUF (Prop_ibuf_I_O)         1.458     1.458 r  Clk_IBUF_inst/O
                         net (fo=1, routed)           1.967     3.425    Clk_IBUF
    BUFGCTRL_X0Y0        BUFG (Prop_bufg_I_O)         0.096     3.521 r  Clk_IBUF_BUFG_inst/O
                         net (fo=34, routed)          1.629     5.150    NanoProcessor/slow_clock_0/Clk_IBUF_BUFG
    SLICE_X63Y17         FDRE                                         r  NanoProcessor/slow_clock_0/count_reg[6]/C
  -------------------------------------------------------------------    -------------------
    SLICE_X63Y17         FDRE (Prop_fdre_C_Q)         0.456     5.606 f  NanoProcessor/slow_clock_0/count_reg[6]/Q
                         net (fo=2, routed)           0.823     6.430    NanoProcessor/slow_clock_0/count[6]
    SLICE_X62Y17         LUT4 (Prop_lut4_I3_O)        0.124     6.554 f  NanoProcessor/slow_clock_0/count[31]_i_7/O
                         net (fo=1, routed)           0.585     7.139    NanoProcessor/slow_clock_0/count[31]_i_7_n_0
    SLICE_X62Y16         LUT5 (Prop_lut5_I4_O)        0.124     7.263 f  NanoProcessor/slow_clock_0/count[31]_i_3/O
                         net (fo=3, routed)           0.993     8.256    NanoProcessor/slow_clock_0/count[31]_i_3_n_0
    SLICE_X62Y20         LUT4 (Prop_lut4_I1_O)        0.124     8.380 r  NanoProcessor/slow_clock_0/count[31]_i_1/O
                         net (fo=31, routed)          0.951     9.331    NanoProcessor/slow_clock_0/count[31]_i_1_n_0
    SLICE_X63Y17         FDRE                                         r  NanoProcessor/slow_clock_0/count_reg[8]/R
  -------------------------------------------------------------------    -------------------

                         (clock sys_clk_pin rise edge)
                                                     10.000    10.000 r  
    W5                                                0.000    10.000 r  Clk (IN)
                         net (fo=0)                   0.000    10.000    Clk
    W5                   IBUF (Prop_ibuf_I_O)         1.388    11.388 r  Clk_IBUF_inst/O
                         net (fo=1, routed)           1.862    13.250    Clk_IBUF
    BUFGCTRL_X0Y0        BUFG (Prop_bufg_I_O)         0.091    13.341 r  Clk_IBUF_BUFG_inst/O
                         net (fo=34, routed)          1.511    14.852    NanoProcessor/slow_clock_0/Clk_IBUF_BUFG
    SLICE_X63Y17         FDRE                                         r  NanoProcessor/slow_clock_0/count_reg[8]/C
                         clock pessimism              0.298    15.150    
                         clock uncertainty           -0.035    15.115    
    SLICE_X63Y17         FDRE (Setup_fdre_C_R)       -0.429    14.686    NanoProcessor/slow_clock_0/count_reg[8]
  -------------------------------------------------------------------
                         required time                         14.686    
                         arrival time                          -9.331    
  -------------------------------------------------------------------
                         slack                                  5.355    

Slack (MET) :             5.378ns  (required time - arrival time)
  Source:                 NanoProcessor/slow_clock_0/count_reg[6]/C
                            (rising edge-triggered cell FDRE clocked by sys_clk_pin  {rise@0.000ns fall@5.000ns period=10.000ns})
  Destination:            NanoProcessor/slow_clock_0/count_reg[10]/R
                            (rising edge-triggered cell FDRE clocked by sys_clk_pin  {rise@0.000ns fall@5.000ns period=10.000ns})
  Path Group:             sys_clk_pin
  Path Type:              Setup (Max at Slow Process Corner)
  Requirement:            10.000ns  (sys_clk_pin rise@10.000ns - sys_clk_pin rise@0.000ns)
  Data Path Delay:        4.131ns  (logic 0.828ns (20.042%)  route 3.303ns (79.958%))
  Logic Levels:           3  (LUT4=2 LUT5=1)
  Clock Path Skew:        -0.026ns (DCD - SCD + CPR)
    Destination Clock Delay (DCD):    4.850ns = ( 14.850 - 10.000 ) 
    Source Clock Delay      (SCD):    5.150ns
    Clock Pessimism Removal (CPR):    0.274ns
  Clock Uncertainty:      0.035ns  ((TSJ^2 + TIJ^2)^1/2 + DJ) / 2 + PE
    Total System Jitter     (TSJ):    0.071ns
    Total Input Jitter      (TIJ):    0.000ns
    Discrete Jitter          (DJ):    0.000ns
    Phase Error              (PE):    0.000ns

    Location             Delay type                Incr(ns)  Path(ns)    Netlist Resource(s)
  -------------------------------------------------------------------    -------------------
                         (clock sys_clk_pin rise edge)
                                                      0.000     0.000 r  
    W5                                                0.000     0.000 r  Clk (IN)
                         net (fo=0)                   0.000     0.000    Clk
    W5                   IBUF (Prop_ibuf_I_O)         1.458     1.458 r  Clk_IBUF_inst/O
                         net (fo=1, routed)           1.967     3.425    Clk_IBUF
    BUFGCTRL_X0Y0        BUFG (Prop_bufg_I_O)         0.096     3.521 r  Clk_IBUF_BUFG_inst/O
                         net (fo=34, routed)          1.629     5.150    NanoProcessor/slow_clock_0/Clk_IBUF_BUFG
    SLICE_X63Y17         FDRE                                         r  NanoProcessor/slow_clock_0/count_reg[6]/C
  -------------------------------------------------------------------    -------------------
    SLICE_X63Y17         FDRE (Prop_fdre_C_Q)         0.456     5.606 f  NanoProcessor/slow_clock_0/count_reg[6]/Q
                         net (fo=2, routed)           0.823     6.430    NanoProcessor/slow_clock_0/count[6]
    SLICE_X62Y17         LUT4 (Prop_lut4_I3_O)        0.124     6.554 f  NanoProcessor/slow_clock_0/count[31]_i_7/O
                         net (fo=1, routed)           0.585     7.139    NanoProcessor/slow_clock_0/count[31]_i_7_n_0
    SLICE_X62Y16         LUT5 (Prop_lut5_I4_O)        0.124     7.263 f  NanoProcessor/slow_clock_0/count[31]_i_3/O
                         net (fo=3, routed)           0.993     8.256    NanoProcessor/slow_clock_0/count[31]_i_3_n_0
    SLICE_X62Y20         LUT4 (Prop_lut4_I1_O)        0.124     8.380 r  NanoProcessor/slow_clock_0/count[31]_i_1/O
                         net (fo=31, routed)          0.902     9.282    NanoProcessor/slow_clock_0/count[31]_i_1_n_0
    SLICE_X63Y18         FDRE                                         r  NanoProcessor/slow_clock_0/count_reg[10]/R
  -------------------------------------------------------------------    -------------------

                         (clock sys_clk_pin rise edge)
                                                     10.000    10.000 r  
    W5                                                0.000    10.000 r  Clk (IN)
                         net (fo=0)                   0.000    10.000    Clk
    W5                   IBUF (Prop_ibuf_I_O)         1.388    11.388 r  Clk_IBUF_inst/O
                         net (fo=1, routed)           1.862    13.250    Clk_IBUF
    BUFGCTRL_X0Y0        BUFG (Prop_bufg_I_O)         0.091    13.341 r  Clk_IBUF_BUFG_inst/O
                         net (fo=34, routed)          1.509    14.850    NanoProcessor/slow_clock_0/Clk_IBUF_BUFG
    SLICE_X63Y18         FDRE                                         r  NanoProcessor/slow_clock_0/count_reg[10]/C
                         clock pessimism              0.274    15.124    
                         clock uncertainty           -0.035    15.089    
    SLICE_X63Y18         FDRE (Setup_fdre_C_R)       -0.429    14.660    NanoProcessor/slow_clock_0/count_reg[10]
  -------------------------------------------------------------------
                         required time                         14.660    
                         arrival time                          -9.282    
  -------------------------------------------------------------------
                         slack                                  5.378    

Slack (MET) :             5.378ns  (required time - arrival time)
  Source:                 NanoProcessor/slow_clock_0/count_reg[6]/C
                            (rising edge-triggered cell FDRE clocked by sys_clk_pin  {rise@0.000ns fall@5.000ns period=10.000ns})
  Destination:            NanoProcessor/slow_clock_0/count_reg[11]/R
                            (rising edge-triggered cell FDRE clocked by sys_clk_pin  {rise@0.000ns fall@5.000ns period=10.000ns})
  Path Group:             sys_clk_pin
  Path Type:              Setup (Max at Slow Process Corner)
  Requirement:            10.000ns  (sys_clk_pin rise@10.000ns - sys_clk_pin rise@0.000ns)
  Data Path Delay:        4.131ns  (logic 0.828ns (20.042%)  route 3.303ns (79.958%))
  Logic Levels:           3  (LUT4=2 LUT5=1)
  Clock Path Skew:        -0.026ns (DCD - SCD + CPR)
    Destination Clock Delay (DCD):    4.850ns = ( 14.850 - 10.000 ) 
    Source Clock Delay      (SCD):    5.150ns
    Clock Pessimism Removal (CPR):    0.274ns
  Clock Uncertainty:      0.035ns  ((TSJ^2 + TIJ^2)^1/2 + DJ) / 2 + PE
    Total System Jitter     (TSJ):    0.071ns
    Total Input Jitter      (TIJ):    0.000ns
    Discrete Jitter          (DJ):    0.000ns
    Phase Error              (PE):    0.000ns

    Location             Delay type                Incr(ns)  Path(ns)    Netlist Resource(s)
  -------------------------------------------------------------------    -------------------
                         (clock sys_clk_pin rise edge)
                                                      0.000     0.000 r  
    W5                                                0.000     0.000 r  Clk (IN)
                         net (fo=0)                   0.000     0.000    Clk
    W5                   IBUF (Prop_ibuf_I_O)         1.458     1.458 r  Clk_IBUF_inst/O
                         net (fo=1, routed)           1.967     3.425    Clk_IBUF
    BUFGCTRL_X0Y0        BUFG (Prop_bufg_I_O)         0.096     3.521 r  Clk_IBUF_BUFG_inst/O
                         net (fo=34, routed)          1.629     5.150    NanoProcessor/slow_clock_0/Clk_IBUF_BUFG
    SLICE_X63Y17         FDRE                                         r  NanoProcessor/slow_clock_0/count_reg[6]/C
  -------------------------------------------------------------------    -------------------
    SLICE_X63Y17         FDRE (Prop_fdre_C_Q)         0.456     5.606 f  NanoProcessor/slow_clock_0/count_reg[6]/Q
                         net (fo=2, routed)           0.823     6.430    NanoProcessor/slow_clock_0/count[6]
    SLICE_X62Y17         LUT4 (Prop_lut4_I3_O)        0.124     6.554 f  NanoProcessor/slow_clock_0/count[31]_i_7/O
                         net (fo=1, routed)           0.585     7.139    NanoProcessor/slow_clock_0/count[31]_i_7_n_0
    SLICE_X62Y16         LUT5 (Prop_lut5_I4_O)        0.124     7.263 f  NanoProcessor/slow_clock_0/count[31]_i_3/O
                         net (fo=3, routed)           0.993     8.256    NanoProcessor/slow_clock_0/count[31]_i_3_n_0
    SLICE_X62Y20         LUT4 (Prop_lut4_I1_O)        0.124     8.380 r  NanoProcessor/slow_clock_0/count[31]_i_1/O
                         net (fo=31, routed)          0.902     9.282    NanoProcessor/slow_clock_0/count[31]_i_1_n_0
    SLICE_X63Y18         FDRE                                         r  NanoProcessor/slow_clock_0/count_reg[11]/R
  -------------------------------------------------------------------    -------------------

                         (clock sys_clk_pin rise edge)
                                                     10.000    10.000 r  
    W5                                                0.000    10.000 r  Clk (IN)
                         net (fo=0)                   0.000    10.000    Clk
    W5                   IBUF (Prop_ibuf_I_O)         1.388    11.388 r  Clk_IBUF_inst/O
                         net (fo=1, routed)           1.862    13.250    Clk_IBUF
    BUFGCTRL_X0Y0        BUFG (Prop_bufg_I_O)         0.091    13.341 r  Clk_IBUF_BUFG_inst/O
                         net (fo=34, routed)          1.509    14.850    NanoProcessor/slow_clock_0/Clk_IBUF_BUFG
    SLICE_X63Y18         FDRE                                         r  NanoProcessor/slow_clock_0/count_reg[11]/C
                         clock pessimism              0.274    15.124    
                         clock uncertainty           -0.035    15.089    
    SLICE_X63Y18         FDRE (Setup_fdre_C_R)       -0.429    14.660    NanoProcessor/slow_clock_0/count_reg[11]
  -------------------------------------------------------------------
                         required time                         14.660    
                         arrival time                          -9.282    
  -------------------------------------------------------------------
                         slack                                  5.378    
>>>>>>> Stashed changes:Nanoprocessor-Design-Compettition-main/src/project_1/project_1.runs/impl_1/Nano_Processor_7_seg_timing_summary_routed.rpt





Min Delay Paths
--------------------------------------------------------------------------------------
<<<<<<< Updated upstream:Optimized/project_1/project_1.runs/impl_1/Nano_Processor_7_seg_timing_summary_routed.rpt
Slack (MET) :             0.264ns  (arrival time - required time)
  Source:                 NanoProcessor/slow_clock_0/count_reg[10]/C
=======
Slack (MET) :             0.263ns  (arrival time - required time)
  Source:                 NanoProcessor/slow_clock_0/count_reg[0]/C
>>>>>>> Stashed changes:Nanoprocessor-Design-Compettition-main/src/project_1/project_1.runs/impl_1/Nano_Processor_7_seg_timing_summary_routed.rpt
                            (rising edge-triggered cell FDRE clocked by sys_clk_pin  {rise@0.000ns fall@5.000ns period=10.000ns})
  Destination:            NanoProcessor/slow_clock_0/count_reg[0]/D
                            (rising edge-triggered cell FDRE clocked by sys_clk_pin  {rise@0.000ns fall@5.000ns period=10.000ns})
  Path Group:             sys_clk_pin
  Path Type:              Hold (Min at Fast Process Corner)
  Requirement:            0.000ns  (sys_clk_pin rise@0.000ns - sys_clk_pin rise@0.000ns)
<<<<<<< Updated upstream:Optimized/project_1/project_1.runs/impl_1/Nano_Processor_7_seg_timing_summary_routed.rpt
  Data Path Delay:        0.368ns  (logic 0.231ns (62.809%)  route 0.137ns (37.191%))
  Logic Levels:           2  (LUT5=1 LUT6=1)
  Clock Path Skew:        0.013ns (DCD - SCD - CPR)
    Destination Clock Delay (DCD):    1.954ns
    Source Clock Delay      (SCD):    1.442ns
    Clock Pessimism Removal (CPR):    0.499ns
=======
  Data Path Delay:        0.368ns  (logic 0.183ns (49.756%)  route 0.185ns (50.244%))
  Logic Levels:           1  (LUT1=1)
  Clock Path Skew:        0.000ns (DCD - SCD - CPR)
    Destination Clock Delay (DCD):    1.986ns
    Source Clock Delay      (SCD):    1.473ns
    Clock Pessimism Removal (CPR):    0.513ns
>>>>>>> Stashed changes:Nanoprocessor-Design-Compettition-main/src/project_1/project_1.runs/impl_1/Nano_Processor_7_seg_timing_summary_routed.rpt

    Location             Delay type                Incr(ns)  Path(ns)    Netlist Resource(s)
  -------------------------------------------------------------------    -------------------
                         (clock sys_clk_pin rise edge)
                                                      0.000     0.000 r  
    W5                                                0.000     0.000 r  Clk (IN)
                         net (fo=0)                   0.000     0.000    Clk
    W5                   IBUF (Prop_ibuf_I_O)         0.226     0.226 r  Clk_IBUF_inst/O
                         net (fo=1, routed)           0.631     0.858    Clk_IBUF
    BUFGCTRL_X0Y0        BUFG (Prop_bufg_I_O)         0.026     0.884 r  Clk_IBUF_BUFG_inst/O
<<<<<<< Updated upstream:Optimized/project_1/project_1.runs/impl_1/Nano_Processor_7_seg_timing_summary_routed.rpt
                         net (fo=34, routed)          0.559     1.442    NanoProcessor/slow_clock_0/Clk_IBUF_BUFG
    SLICE_X48Y18         FDRE                                         r  NanoProcessor/slow_clock_0/count_reg[10]/C
  -------------------------------------------------------------------    -------------------
    SLICE_X48Y18         FDRE (Prop_fdre_C_Q)         0.141     1.583 r  NanoProcessor/slow_clock_0/count_reg[10]/Q
                         net (fo=2, routed)           0.062     1.645    NanoProcessor/slow_clock_0/count[10]
    SLICE_X49Y18         LUT5 (Prop_lut5_I2_O)        0.045     1.690 r  NanoProcessor/slow_clock_0/count[0]_i_4/O
                         net (fo=4, routed)           0.075     1.765    NanoProcessor/slow_clock_0/count[0]_i_4_n_0
    SLICE_X49Y18         LUT6 (Prop_lut6_I3_O)        0.045     1.810 r  NanoProcessor/slow_clock_0/Clk_out_i_1/O
                         net (fo=1, routed)           0.000     1.810    NanoProcessor/slow_clock_0/Clk_out_i_1_n_0
    SLICE_X49Y18         FDRE                                         r  NanoProcessor/slow_clock_0/Clk_out_reg/D
=======
                         net (fo=34, routed)          0.590     1.473    NanoProcessor/slow_clock_0/Clk_IBUF_BUFG
    SLICE_X62Y16         FDRE                                         r  NanoProcessor/slow_clock_0/count_reg[0]/C
  -------------------------------------------------------------------    -------------------
    SLICE_X62Y16         FDRE (Prop_fdre_C_Q)         0.141     1.614 f  NanoProcessor/slow_clock_0/count_reg[0]/Q
                         net (fo=3, routed)           0.185     1.799    NanoProcessor/slow_clock_0/count[0]
    SLICE_X62Y16         LUT1 (Prop_lut1_I0_O)        0.042     1.841 r  NanoProcessor/slow_clock_0/count[0]_i_1/O
                         net (fo=1, routed)           0.000     1.841    NanoProcessor/slow_clock_0/count_0[0]
    SLICE_X62Y16         FDRE                                         r  NanoProcessor/slow_clock_0/count_reg[0]/D
>>>>>>> Stashed changes:Nanoprocessor-Design-Compettition-main/src/project_1/project_1.runs/impl_1/Nano_Processor_7_seg_timing_summary_routed.rpt
  -------------------------------------------------------------------    -------------------

                         (clock sys_clk_pin rise edge)
                                                      0.000     0.000 r  
    W5                                                0.000     0.000 r  Clk (IN)
                         net (fo=0)                   0.000     0.000    Clk
    W5                   IBUF (Prop_ibuf_I_O)         0.414     0.414 r  Clk_IBUF_inst/O
                         net (fo=1, routed)           0.685     1.099    Clk_IBUF
    BUFGCTRL_X0Y0        BUFG (Prop_bufg_I_O)         0.029     1.128 r  Clk_IBUF_BUFG_inst/O
<<<<<<< Updated upstream:Optimized/project_1/project_1.runs/impl_1/Nano_Processor_7_seg_timing_summary_routed.rpt
                         net (fo=34, routed)          0.827     1.954    NanoProcessor/slow_clock_0/Clk_IBUF_BUFG
    SLICE_X49Y18         FDRE                                         r  NanoProcessor/slow_clock_0/Clk_out_reg/C
                         clock pessimism             -0.499     1.455    
    SLICE_X49Y18         FDRE (Hold_fdre_C_D)         0.091     1.546    NanoProcessor/slow_clock_0/Clk_out_reg
  -------------------------------------------------------------------
                         required time                         -1.546    
                         arrival time                           1.810    
  -------------------------------------------------------------------
                         slack                                  0.264    

Slack (MET) :             0.280ns  (arrival time - required time)
  Source:                 NanoProcessor/slow_clock_0/count_reg[15]/C
                            (rising edge-triggered cell FDRE clocked by sys_clk_pin  {rise@0.000ns fall@5.000ns period=10.000ns})
  Destination:            NanoProcessor/slow_clock_0/count_reg[15]/D
                            (rising edge-triggered cell FDRE clocked by sys_clk_pin  {rise@0.000ns fall@5.000ns period=10.000ns})
  Path Group:             sys_clk_pin
  Path Type:              Hold (Min at Fast Process Corner)
  Requirement:            0.000ns  (sys_clk_pin rise@0.000ns - sys_clk_pin rise@0.000ns)
  Data Path Delay:        0.385ns  (logic 0.252ns (65.529%)  route 0.133ns (34.471%))
  Logic Levels:           1  (CARRY4=1)
  Clock Path Skew:        0.000ns (DCD - SCD - CPR)
    Destination Clock Delay (DCD):    1.953ns
    Source Clock Delay      (SCD):    1.441ns
    Clock Pessimism Removal (CPR):    0.512ns

    Location             Delay type                Incr(ns)  Path(ns)    Netlist Resource(s)
  -------------------------------------------------------------------    -------------------
                         (clock sys_clk_pin rise edge)
                                                      0.000     0.000 r  
    W5                                                0.000     0.000 r  Clk (IN)
                         net (fo=0)                   0.000     0.000    Clk
    W5                   IBUF (Prop_ibuf_I_O)         0.226     0.226 r  Clk_IBUF_inst/O
                         net (fo=1, routed)           0.631     0.858    Clk_IBUF
    BUFGCTRL_X0Y0        BUFG (Prop_bufg_I_O)         0.026     0.884 r  Clk_IBUF_BUFG_inst/O
                         net (fo=34, routed)          0.558     1.441    NanoProcessor/slow_clock_0/Clk_IBUF_BUFG
    SLICE_X48Y19         FDRE                                         r  NanoProcessor/slow_clock_0/count_reg[15]/C
  -------------------------------------------------------------------    -------------------
    SLICE_X48Y19         FDRE (Prop_fdre_C_Q)         0.141     1.582 r  NanoProcessor/slow_clock_0/count_reg[15]/Q
                         net (fo=2, routed)           0.133     1.715    NanoProcessor/slow_clock_0/count[15]
    SLICE_X48Y19         CARRY4 (Prop_carry4_S[2]_O[2])
                                                      0.111     1.826 r  NanoProcessor/slow_clock_0/count_reg[16]_i_1/O[2]
                         net (fo=1, routed)           0.000     1.826    NanoProcessor/slow_clock_0/data0[15]
    SLICE_X48Y19         FDRE                                         r  NanoProcessor/slow_clock_0/count_reg[15]/D
  -------------------------------------------------------------------    -------------------

                         (clock sys_clk_pin rise edge)
                                                      0.000     0.000 r  
    W5                                                0.000     0.000 r  Clk (IN)
                         net (fo=0)                   0.000     0.000    Clk
    W5                   IBUF (Prop_ibuf_I_O)         0.414     0.414 r  Clk_IBUF_inst/O
                         net (fo=1, routed)           0.685     1.099    Clk_IBUF
    BUFGCTRL_X0Y0        BUFG (Prop_bufg_I_O)         0.029     1.128 r  Clk_IBUF_BUFG_inst/O
                         net (fo=34, routed)          0.826     1.953    NanoProcessor/slow_clock_0/Clk_IBUF_BUFG
    SLICE_X48Y19         FDRE                                         r  NanoProcessor/slow_clock_0/count_reg[15]/C
                         clock pessimism             -0.512     1.441    
    SLICE_X48Y19         FDRE (Hold_fdre_C_D)         0.105     1.546    NanoProcessor/slow_clock_0/count_reg[15]
  -------------------------------------------------------------------
                         required time                         -1.546    
                         arrival time                           1.826    
  -------------------------------------------------------------------
                         slack                                  0.280    

Slack (MET) :             0.280ns  (arrival time - required time)
  Source:                 NanoProcessor/slow_clock_0/count_reg[3]/C
                            (rising edge-triggered cell FDRE clocked by sys_clk_pin  {rise@0.000ns fall@5.000ns period=10.000ns})
  Destination:            NanoProcessor/slow_clock_0/count_reg[3]/D
                            (rising edge-triggered cell FDRE clocked by sys_clk_pin  {rise@0.000ns fall@5.000ns period=10.000ns})
  Path Group:             sys_clk_pin
  Path Type:              Hold (Min at Fast Process Corner)
  Requirement:            0.000ns  (sys_clk_pin rise@0.000ns - sys_clk_pin rise@0.000ns)
  Data Path Delay:        0.385ns  (logic 0.252ns (65.529%)  route 0.133ns (34.471%))
  Logic Levels:           1  (CARRY4=1)
  Clock Path Skew:        0.000ns (DCD - SCD - CPR)
    Destination Clock Delay (DCD):    1.956ns
    Source Clock Delay      (SCD):    1.444ns
    Clock Pessimism Removal (CPR):    0.512ns

    Location             Delay type                Incr(ns)  Path(ns)    Netlist Resource(s)
  -------------------------------------------------------------------    -------------------
                         (clock sys_clk_pin rise edge)
                                                      0.000     0.000 r  
    W5                                                0.000     0.000 r  Clk (IN)
                         net (fo=0)                   0.000     0.000    Clk
    W5                   IBUF (Prop_ibuf_I_O)         0.226     0.226 r  Clk_IBUF_inst/O
                         net (fo=1, routed)           0.631     0.858    Clk_IBUF
    BUFGCTRL_X0Y0        BUFG (Prop_bufg_I_O)         0.026     0.884 r  Clk_IBUF_BUFG_inst/O
                         net (fo=34, routed)          0.561     1.444    NanoProcessor/slow_clock_0/Clk_IBUF_BUFG
    SLICE_X48Y16         FDRE                                         r  NanoProcessor/slow_clock_0/count_reg[3]/C
  -------------------------------------------------------------------    -------------------
    SLICE_X48Y16         FDRE (Prop_fdre_C_Q)         0.141     1.585 r  NanoProcessor/slow_clock_0/count_reg[3]/Q
                         net (fo=2, routed)           0.133     1.718    NanoProcessor/slow_clock_0/count[3]
    SLICE_X48Y16         CARRY4 (Prop_carry4_S[2]_O[2])
                                                      0.111     1.829 r  NanoProcessor/slow_clock_0/count_reg[4]_i_1/O[2]
                         net (fo=1, routed)           0.000     1.829    NanoProcessor/slow_clock_0/data0[3]
    SLICE_X48Y16         FDRE                                         r  NanoProcessor/slow_clock_0/count_reg[3]/D
  -------------------------------------------------------------------    -------------------

                         (clock sys_clk_pin rise edge)
                                                      0.000     0.000 r  
    W5                                                0.000     0.000 r  Clk (IN)
                         net (fo=0)                   0.000     0.000    Clk
    W5                   IBUF (Prop_ibuf_I_O)         0.414     0.414 r  Clk_IBUF_inst/O
                         net (fo=1, routed)           0.685     1.099    Clk_IBUF
    BUFGCTRL_X0Y0        BUFG (Prop_bufg_I_O)         0.029     1.128 r  Clk_IBUF_BUFG_inst/O
                         net (fo=34, routed)          0.829     1.956    NanoProcessor/slow_clock_0/Clk_IBUF_BUFG
    SLICE_X48Y16         FDRE                                         r  NanoProcessor/slow_clock_0/count_reg[3]/C
                         clock pessimism             -0.512     1.444    
    SLICE_X48Y16         FDRE (Hold_fdre_C_D)         0.105     1.549    NanoProcessor/slow_clock_0/count_reg[3]
  -------------------------------------------------------------------
                         required time                         -1.549    
                         arrival time                           1.829    
  -------------------------------------------------------------------
                         slack                                  0.280    

Slack (MET) :             0.280ns  (arrival time - required time)
  Source:                 NanoProcessor/slow_clock_0/count_reg[11]/C
                            (rising edge-triggered cell FDRE clocked by sys_clk_pin  {rise@0.000ns fall@5.000ns period=10.000ns})
  Destination:            NanoProcessor/slow_clock_0/count_reg[11]/D
                            (rising edge-triggered cell FDRE clocked by sys_clk_pin  {rise@0.000ns fall@5.000ns period=10.000ns})
  Path Group:             sys_clk_pin
  Path Type:              Hold (Min at Fast Process Corner)
  Requirement:            0.000ns  (sys_clk_pin rise@0.000ns - sys_clk_pin rise@0.000ns)
  Data Path Delay:        0.385ns  (logic 0.252ns (65.465%)  route 0.133ns (34.535%))
  Logic Levels:           1  (CARRY4=1)
  Clock Path Skew:        0.000ns (DCD - SCD - CPR)
    Destination Clock Delay (DCD):    1.954ns
    Source Clock Delay      (SCD):    1.442ns
    Clock Pessimism Removal (CPR):    0.512ns

    Location             Delay type                Incr(ns)  Path(ns)    Netlist Resource(s)
  -------------------------------------------------------------------    -------------------
                         (clock sys_clk_pin rise edge)
                                                      0.000     0.000 r  
    W5                                                0.000     0.000 r  Clk (IN)
                         net (fo=0)                   0.000     0.000    Clk
    W5                   IBUF (Prop_ibuf_I_O)         0.226     0.226 r  Clk_IBUF_inst/O
                         net (fo=1, routed)           0.631     0.858    Clk_IBUF
    BUFGCTRL_X0Y0        BUFG (Prop_bufg_I_O)         0.026     0.884 r  Clk_IBUF_BUFG_inst/O
                         net (fo=34, routed)          0.559     1.442    NanoProcessor/slow_clock_0/Clk_IBUF_BUFG
    SLICE_X48Y18         FDRE                                         r  NanoProcessor/slow_clock_0/count_reg[11]/C
  -------------------------------------------------------------------    -------------------
    SLICE_X48Y18         FDRE (Prop_fdre_C_Q)         0.141     1.583 r  NanoProcessor/slow_clock_0/count_reg[11]/Q
                         net (fo=2, routed)           0.133     1.716    NanoProcessor/slow_clock_0/count[11]
    SLICE_X48Y18         CARRY4 (Prop_carry4_S[2]_O[2])
                                                      0.111     1.827 r  NanoProcessor/slow_clock_0/count_reg[12]_i_1/O[2]
                         net (fo=1, routed)           0.000     1.827    NanoProcessor/slow_clock_0/data0[11]
    SLICE_X48Y18         FDRE                                         r  NanoProcessor/slow_clock_0/count_reg[11]/D
  -------------------------------------------------------------------    -------------------

                         (clock sys_clk_pin rise edge)
                                                      0.000     0.000 r  
    W5                                                0.000     0.000 r  Clk (IN)
                         net (fo=0)                   0.000     0.000    Clk
    W5                   IBUF (Prop_ibuf_I_O)         0.414     0.414 r  Clk_IBUF_inst/O
                         net (fo=1, routed)           0.685     1.099    Clk_IBUF
    BUFGCTRL_X0Y0        BUFG (Prop_bufg_I_O)         0.029     1.128 r  Clk_IBUF_BUFG_inst/O
                         net (fo=34, routed)          0.827     1.954    NanoProcessor/slow_clock_0/Clk_IBUF_BUFG
    SLICE_X48Y18         FDRE                                         r  NanoProcessor/slow_clock_0/count_reg[11]/C
                         clock pessimism             -0.512     1.442    
    SLICE_X48Y18         FDRE (Hold_fdre_C_D)         0.105     1.547    NanoProcessor/slow_clock_0/count_reg[11]
  -------------------------------------------------------------------
                         required time                         -1.547    
                         arrival time                           1.827    
  -------------------------------------------------------------------
                         slack                                  0.280    

Slack (MET) :             0.280ns  (arrival time - required time)
  Source:                 NanoProcessor/slow_clock_0/count_reg[23]/C
                            (rising edge-triggered cell FDRE clocked by sys_clk_pin  {rise@0.000ns fall@5.000ns period=10.000ns})
  Destination:            NanoProcessor/slow_clock_0/count_reg[23]/D
                            (rising edge-triggered cell FDRE clocked by sys_clk_pin  {rise@0.000ns fall@5.000ns period=10.000ns})
  Path Group:             sys_clk_pin
  Path Type:              Hold (Min at Fast Process Corner)
  Requirement:            0.000ns  (sys_clk_pin rise@0.000ns - sys_clk_pin rise@0.000ns)
  Data Path Delay:        0.385ns  (logic 0.252ns (65.465%)  route 0.133ns (34.535%))
  Logic Levels:           1  (CARRY4=1)
  Clock Path Skew:        0.000ns (DCD - SCD - CPR)
    Destination Clock Delay (DCD):    1.951ns
    Source Clock Delay      (SCD):    1.439ns
    Clock Pessimism Removal (CPR):    0.512ns

    Location             Delay type                Incr(ns)  Path(ns)    Netlist Resource(s)
  -------------------------------------------------------------------    -------------------
                         (clock sys_clk_pin rise edge)
                                                      0.000     0.000 r  
    W5                                                0.000     0.000 r  Clk (IN)
                         net (fo=0)                   0.000     0.000    Clk
    W5                   IBUF (Prop_ibuf_I_O)         0.226     0.226 r  Clk_IBUF_inst/O
                         net (fo=1, routed)           0.631     0.858    Clk_IBUF
    BUFGCTRL_X0Y0        BUFG (Prop_bufg_I_O)         0.026     0.884 r  Clk_IBUF_BUFG_inst/O
                         net (fo=34, routed)          0.556     1.439    NanoProcessor/slow_clock_0/Clk_IBUF_BUFG
    SLICE_X48Y21         FDRE                                         r  NanoProcessor/slow_clock_0/count_reg[23]/C
  -------------------------------------------------------------------    -------------------
    SLICE_X48Y21         FDRE (Prop_fdre_C_Q)         0.141     1.580 r  NanoProcessor/slow_clock_0/count_reg[23]/Q
                         net (fo=2, routed)           0.133     1.713    NanoProcessor/slow_clock_0/count[23]
    SLICE_X48Y21         CARRY4 (Prop_carry4_S[2]_O[2])
                                                      0.111     1.824 r  NanoProcessor/slow_clock_0/count_reg[24]_i_1/O[2]
                         net (fo=1, routed)           0.000     1.824    NanoProcessor/slow_clock_0/data0[23]
    SLICE_X48Y21         FDRE                                         r  NanoProcessor/slow_clock_0/count_reg[23]/D
  -------------------------------------------------------------------    -------------------

                         (clock sys_clk_pin rise edge)
                                                      0.000     0.000 r  
    W5                                                0.000     0.000 r  Clk (IN)
                         net (fo=0)                   0.000     0.000    Clk
    W5                   IBUF (Prop_ibuf_I_O)         0.414     0.414 r  Clk_IBUF_inst/O
                         net (fo=1, routed)           0.685     1.099    Clk_IBUF
    BUFGCTRL_X0Y0        BUFG (Prop_bufg_I_O)         0.029     1.128 r  Clk_IBUF_BUFG_inst/O
                         net (fo=34, routed)          0.824     1.951    NanoProcessor/slow_clock_0/Clk_IBUF_BUFG
    SLICE_X48Y21         FDRE                                         r  NanoProcessor/slow_clock_0/count_reg[23]/C
                         clock pessimism             -0.512     1.439    
    SLICE_X48Y21         FDRE (Hold_fdre_C_D)         0.105     1.544    NanoProcessor/slow_clock_0/count_reg[23]
  -------------------------------------------------------------------
                         required time                         -1.544    
                         arrival time                           1.824    
  -------------------------------------------------------------------
                         slack                                  0.280    

Slack (MET) :             0.280ns  (arrival time - required time)
  Source:                 NanoProcessor/slow_clock_0/count_reg[7]/C
                            (rising edge-triggered cell FDRE clocked by sys_clk_pin  {rise@0.000ns fall@5.000ns period=10.000ns})
  Destination:            NanoProcessor/slow_clock_0/count_reg[7]/D
                            (rising edge-triggered cell FDRE clocked by sys_clk_pin  {rise@0.000ns fall@5.000ns period=10.000ns})
  Path Group:             sys_clk_pin
  Path Type:              Hold (Min at Fast Process Corner)
  Requirement:            0.000ns  (sys_clk_pin rise@0.000ns - sys_clk_pin rise@0.000ns)
  Data Path Delay:        0.385ns  (logic 0.252ns (65.465%)  route 0.133ns (34.535%))
  Logic Levels:           1  (CARRY4=1)
  Clock Path Skew:        0.000ns (DCD - SCD - CPR)
    Destination Clock Delay (DCD):    1.955ns
    Source Clock Delay      (SCD):    1.443ns
    Clock Pessimism Removal (CPR):    0.512ns

    Location             Delay type                Incr(ns)  Path(ns)    Netlist Resource(s)
  -------------------------------------------------------------------    -------------------
                         (clock sys_clk_pin rise edge)
                                                      0.000     0.000 r  
    W5                                                0.000     0.000 r  Clk (IN)
                         net (fo=0)                   0.000     0.000    Clk
    W5                   IBUF (Prop_ibuf_I_O)         0.226     0.226 r  Clk_IBUF_inst/O
                         net (fo=1, routed)           0.631     0.858    Clk_IBUF
    BUFGCTRL_X0Y0        BUFG (Prop_bufg_I_O)         0.026     0.884 r  Clk_IBUF_BUFG_inst/O
                         net (fo=34, routed)          0.560     1.443    NanoProcessor/slow_clock_0/Clk_IBUF_BUFG
    SLICE_X48Y17         FDRE                                         r  NanoProcessor/slow_clock_0/count_reg[7]/C
  -------------------------------------------------------------------    -------------------
    SLICE_X48Y17         FDRE (Prop_fdre_C_Q)         0.141     1.584 r  NanoProcessor/slow_clock_0/count_reg[7]/Q
                         net (fo=2, routed)           0.133     1.717    NanoProcessor/slow_clock_0/count[7]
    SLICE_X48Y17         CARRY4 (Prop_carry4_S[2]_O[2])
                                                      0.111     1.828 r  NanoProcessor/slow_clock_0/count_reg[8]_i_1/O[2]
                         net (fo=1, routed)           0.000     1.828    NanoProcessor/slow_clock_0/data0[7]
    SLICE_X48Y17         FDRE                                         r  NanoProcessor/slow_clock_0/count_reg[7]/D
  -------------------------------------------------------------------    -------------------

                         (clock sys_clk_pin rise edge)
                                                      0.000     0.000 r  
    W5                                                0.000     0.000 r  Clk (IN)
                         net (fo=0)                   0.000     0.000    Clk
    W5                   IBUF (Prop_ibuf_I_O)         0.414     0.414 r  Clk_IBUF_inst/O
                         net (fo=1, routed)           0.685     1.099    Clk_IBUF
    BUFGCTRL_X0Y0        BUFG (Prop_bufg_I_O)         0.029     1.128 r  Clk_IBUF_BUFG_inst/O
                         net (fo=34, routed)          0.828     1.955    NanoProcessor/slow_clock_0/Clk_IBUF_BUFG
    SLICE_X48Y17         FDRE                                         r  NanoProcessor/slow_clock_0/count_reg[7]/C
                         clock pessimism             -0.512     1.443    
    SLICE_X48Y17         FDRE (Hold_fdre_C_D)         0.105     1.548    NanoProcessor/slow_clock_0/count_reg[7]
  -------------------------------------------------------------------
                         required time                         -1.548    
                         arrival time                           1.828    
  -------------------------------------------------------------------
                         slack                                  0.280    

Slack (MET) :             0.280ns  (arrival time - required time)
  Source:                 NanoProcessor/slow_clock_0/count_reg[27]/C
                            (rising edge-triggered cell FDRE clocked by sys_clk_pin  {rise@0.000ns fall@5.000ns period=10.000ns})
  Destination:            NanoProcessor/slow_clock_0/count_reg[27]/D
                            (rising edge-triggered cell FDRE clocked by sys_clk_pin  {rise@0.000ns fall@5.000ns period=10.000ns})
  Path Group:             sys_clk_pin
  Path Type:              Hold (Min at Fast Process Corner)
  Requirement:            0.000ns  (sys_clk_pin rise@0.000ns - sys_clk_pin rise@0.000ns)
  Data Path Delay:        0.385ns  (logic 0.252ns (65.465%)  route 0.133ns (34.535%))
  Logic Levels:           1  (CARRY4=1)
  Clock Path Skew:        0.000ns (DCD - SCD - CPR)
    Destination Clock Delay (DCD):    1.950ns
    Source Clock Delay      (SCD):    1.439ns
    Clock Pessimism Removal (CPR):    0.511ns

    Location             Delay type                Incr(ns)  Path(ns)    Netlist Resource(s)
  -------------------------------------------------------------------    -------------------
                         (clock sys_clk_pin rise edge)
                                                      0.000     0.000 r  
    W5                                                0.000     0.000 r  Clk (IN)
                         net (fo=0)                   0.000     0.000    Clk
    W5                   IBUF (Prop_ibuf_I_O)         0.226     0.226 r  Clk_IBUF_inst/O
                         net (fo=1, routed)           0.631     0.858    Clk_IBUF
    BUFGCTRL_X0Y0        BUFG (Prop_bufg_I_O)         0.026     0.884 r  Clk_IBUF_BUFG_inst/O
                         net (fo=34, routed)          0.556     1.439    NanoProcessor/slow_clock_0/Clk_IBUF_BUFG
    SLICE_X48Y22         FDRE                                         r  NanoProcessor/slow_clock_0/count_reg[27]/C
  -------------------------------------------------------------------    -------------------
    SLICE_X48Y22         FDRE (Prop_fdre_C_Q)         0.141     1.580 r  NanoProcessor/slow_clock_0/count_reg[27]/Q
                         net (fo=2, routed)           0.133     1.713    NanoProcessor/slow_clock_0/count[27]
    SLICE_X48Y22         CARRY4 (Prop_carry4_S[2]_O[2])
                                                      0.111     1.824 r  NanoProcessor/slow_clock_0/count_reg[28]_i_1/O[2]
                         net (fo=1, routed)           0.000     1.824    NanoProcessor/slow_clock_0/data0[27]
    SLICE_X48Y22         FDRE                                         r  NanoProcessor/slow_clock_0/count_reg[27]/D
  -------------------------------------------------------------------    -------------------

                         (clock sys_clk_pin rise edge)
                                                      0.000     0.000 r  
    W5                                                0.000     0.000 r  Clk (IN)
                         net (fo=0)                   0.000     0.000    Clk
    W5                   IBUF (Prop_ibuf_I_O)         0.414     0.414 r  Clk_IBUF_inst/O
                         net (fo=1, routed)           0.685     1.099    Clk_IBUF
    BUFGCTRL_X0Y0        BUFG (Prop_bufg_I_O)         0.029     1.128 r  Clk_IBUF_BUFG_inst/O
                         net (fo=34, routed)          0.823     1.950    NanoProcessor/slow_clock_0/Clk_IBUF_BUFG
    SLICE_X48Y22         FDRE                                         r  NanoProcessor/slow_clock_0/count_reg[27]/C
                         clock pessimism             -0.511     1.439    
    SLICE_X48Y22         FDRE (Hold_fdre_C_D)         0.105     1.544    NanoProcessor/slow_clock_0/count_reg[27]
  -------------------------------------------------------------------
                         required time                         -1.544    
                         arrival time                           1.824    
  -------------------------------------------------------------------
                         slack                                  0.280    

Slack (MET) :             0.281ns  (arrival time - required time)
  Source:                 NanoProcessor/slow_clock_0/count_reg[19]/C
                            (rising edge-triggered cell FDRE clocked by sys_clk_pin  {rise@0.000ns fall@5.000ns period=10.000ns})
  Destination:            NanoProcessor/slow_clock_0/count_reg[19]/D
                            (rising edge-triggered cell FDRE clocked by sys_clk_pin  {rise@0.000ns fall@5.000ns period=10.000ns})
  Path Group:             sys_clk_pin
  Path Type:              Hold (Min at Fast Process Corner)
  Requirement:            0.000ns  (sys_clk_pin rise@0.000ns - sys_clk_pin rise@0.000ns)
  Data Path Delay:        0.386ns  (logic 0.252ns (65.354%)  route 0.134ns (34.646%))
  Logic Levels:           1  (CARRY4=1)
  Clock Path Skew:        0.000ns (DCD - SCD - CPR)
    Destination Clock Delay (DCD):    1.952ns
    Source Clock Delay      (SCD):    1.440ns
    Clock Pessimism Removal (CPR):    0.512ns

    Location             Delay type                Incr(ns)  Path(ns)    Netlist Resource(s)
  -------------------------------------------------------------------    -------------------
                         (clock sys_clk_pin rise edge)
                                                      0.000     0.000 r  
    W5                                                0.000     0.000 r  Clk (IN)
                         net (fo=0)                   0.000     0.000    Clk
    W5                   IBUF (Prop_ibuf_I_O)         0.226     0.226 r  Clk_IBUF_inst/O
                         net (fo=1, routed)           0.631     0.858    Clk_IBUF
    BUFGCTRL_X0Y0        BUFG (Prop_bufg_I_O)         0.026     0.884 r  Clk_IBUF_BUFG_inst/O
                         net (fo=34, routed)          0.557     1.440    NanoProcessor/slow_clock_0/Clk_IBUF_BUFG
    SLICE_X48Y20         FDRE                                         r  NanoProcessor/slow_clock_0/count_reg[19]/C
  -------------------------------------------------------------------    -------------------
    SLICE_X48Y20         FDRE (Prop_fdre_C_Q)         0.141     1.581 r  NanoProcessor/slow_clock_0/count_reg[19]/Q
                         net (fo=2, routed)           0.134     1.715    NanoProcessor/slow_clock_0/count[19]
    SLICE_X48Y20         CARRY4 (Prop_carry4_S[2]_O[2])
                                                      0.111     1.826 r  NanoProcessor/slow_clock_0/count_reg[20]_i_1/O[2]
                         net (fo=1, routed)           0.000     1.826    NanoProcessor/slow_clock_0/data0[19]
    SLICE_X48Y20         FDRE                                         r  NanoProcessor/slow_clock_0/count_reg[19]/D
  -------------------------------------------------------------------    -------------------

                         (clock sys_clk_pin rise edge)
                                                      0.000     0.000 r  
    W5                                                0.000     0.000 r  Clk (IN)
                         net (fo=0)                   0.000     0.000    Clk
    W5                   IBUF (Prop_ibuf_I_O)         0.414     0.414 r  Clk_IBUF_inst/O
                         net (fo=1, routed)           0.685     1.099    Clk_IBUF
    BUFGCTRL_X0Y0        BUFG (Prop_bufg_I_O)         0.029     1.128 r  Clk_IBUF_BUFG_inst/O
                         net (fo=34, routed)          0.825     1.952    NanoProcessor/slow_clock_0/Clk_IBUF_BUFG
    SLICE_X48Y20         FDRE                                         r  NanoProcessor/slow_clock_0/count_reg[19]/C
                         clock pessimism             -0.512     1.440    
    SLICE_X48Y20         FDRE (Hold_fdre_C_D)         0.105     1.545    NanoProcessor/slow_clock_0/count_reg[19]
  -------------------------------------------------------------------
                         required time                         -1.545    
                         arrival time                           1.826    
  -------------------------------------------------------------------
                         slack                                  0.281    

Slack (MET) :             0.281ns  (arrival time - required time)
  Source:                 NanoProcessor/slow_clock_0/count_reg[31]/C
                            (rising edge-triggered cell FDRE clocked by sys_clk_pin  {rise@0.000ns fall@5.000ns period=10.000ns})
  Destination:            NanoProcessor/slow_clock_0/count_reg[31]/D
                            (rising edge-triggered cell FDRE clocked by sys_clk_pin  {rise@0.000ns fall@5.000ns period=10.000ns})
  Path Group:             sys_clk_pin
  Path Type:              Hold (Min at Fast Process Corner)
  Requirement:            0.000ns  (sys_clk_pin rise@0.000ns - sys_clk_pin rise@0.000ns)
  Data Path Delay:        0.386ns  (logic 0.252ns (65.343%)  route 0.134ns (34.657%))
  Logic Levels:           1  (CARRY4=1)
  Clock Path Skew:        0.000ns (DCD - SCD - CPR)
    Destination Clock Delay (DCD):    1.948ns
    Source Clock Delay      (SCD):    1.437ns
    Clock Pessimism Removal (CPR):    0.511ns

    Location             Delay type                Incr(ns)  Path(ns)    Netlist Resource(s)
  -------------------------------------------------------------------    -------------------
                         (clock sys_clk_pin rise edge)
                                                      0.000     0.000 r  
    W5                                                0.000     0.000 r  Clk (IN)
                         net (fo=0)                   0.000     0.000    Clk
    W5                   IBUF (Prop_ibuf_I_O)         0.226     0.226 r  Clk_IBUF_inst/O
                         net (fo=1, routed)           0.631     0.858    Clk_IBUF
    BUFGCTRL_X0Y0        BUFG (Prop_bufg_I_O)         0.026     0.884 r  Clk_IBUF_BUFG_inst/O
                         net (fo=34, routed)          0.554     1.437    NanoProcessor/slow_clock_0/Clk_IBUF_BUFG
    SLICE_X48Y23         FDRE                                         r  NanoProcessor/slow_clock_0/count_reg[31]/C
  -------------------------------------------------------------------    -------------------
    SLICE_X48Y23         FDRE (Prop_fdre_C_Q)         0.141     1.578 r  NanoProcessor/slow_clock_0/count_reg[31]/Q
                         net (fo=2, routed)           0.134     1.712    NanoProcessor/slow_clock_0/count[31]
    SLICE_X48Y23         CARRY4 (Prop_carry4_S[2]_O[2])
                                                      0.111     1.823 r  NanoProcessor/slow_clock_0/count_reg[31]_i_2/O[2]
                         net (fo=1, routed)           0.000     1.823    NanoProcessor/slow_clock_0/data0[31]
    SLICE_X48Y23         FDRE                                         r  NanoProcessor/slow_clock_0/count_reg[31]/D
  -------------------------------------------------------------------    -------------------

                         (clock sys_clk_pin rise edge)
                                                      0.000     0.000 r  
    W5                                                0.000     0.000 r  Clk (IN)
                         net (fo=0)                   0.000     0.000    Clk
    W5                   IBUF (Prop_ibuf_I_O)         0.414     0.414 r  Clk_IBUF_inst/O
                         net (fo=1, routed)           0.685     1.099    Clk_IBUF
    BUFGCTRL_X0Y0        BUFG (Prop_bufg_I_O)         0.029     1.128 r  Clk_IBUF_BUFG_inst/O
                         net (fo=34, routed)          0.821     1.948    NanoProcessor/slow_clock_0/Clk_IBUF_BUFG
    SLICE_X48Y23         FDRE                                         r  NanoProcessor/slow_clock_0/count_reg[31]/C
                         clock pessimism             -0.511     1.437    
    SLICE_X48Y23         FDRE (Hold_fdre_C_D)         0.105     1.542    NanoProcessor/slow_clock_0/count_reg[31]
  -------------------------------------------------------------------
                         required time                         -1.542    
                         arrival time                           1.823    
  -------------------------------------------------------------------
                         slack                                  0.281    

Slack (MET) :             0.313ns  (arrival time - required time)
  Source:                 NanoProcessor/slow_clock_0/count_reg[15]/C
=======
                         net (fo=34, routed)          0.859     1.986    NanoProcessor/slow_clock_0/Clk_IBUF_BUFG
    SLICE_X62Y16         FDRE                                         r  NanoProcessor/slow_clock_0/count_reg[0]/C
                         clock pessimism             -0.513     1.473    
    SLICE_X62Y16         FDRE (Hold_fdre_C_D)         0.105     1.578    NanoProcessor/slow_clock_0/count_reg[0]
  -------------------------------------------------------------------
                         required time                         -1.578    
                         arrival time                           1.841    
  -------------------------------------------------------------------
                         slack                                  0.263    

Slack (MET) :             0.264ns  (arrival time - required time)
  Source:                 NanoProcessor/slow_clock_0/count_reg[12]/C
                            (rising edge-triggered cell FDRE clocked by sys_clk_pin  {rise@0.000ns fall@5.000ns period=10.000ns})
  Destination:            NanoProcessor/slow_clock_0/count_reg[12]/D
                            (rising edge-triggered cell FDRE clocked by sys_clk_pin  {rise@0.000ns fall@5.000ns period=10.000ns})
  Path Group:             sys_clk_pin
  Path Type:              Hold (Min at Fast Process Corner)
  Requirement:            0.000ns  (sys_clk_pin rise@0.000ns - sys_clk_pin rise@0.000ns)
  Data Path Delay:        0.369ns  (logic 0.249ns (67.424%)  route 0.120ns (32.576%))
  Logic Levels:           1  (CARRY4=1)
  Clock Path Skew:        0.000ns (DCD - SCD - CPR)
    Destination Clock Delay (DCD):    1.984ns
    Source Clock Delay      (SCD):    1.471ns
    Clock Pessimism Removal (CPR):    0.513ns

    Location             Delay type                Incr(ns)  Path(ns)    Netlist Resource(s)
  -------------------------------------------------------------------    -------------------
                         (clock sys_clk_pin rise edge)
                                                      0.000     0.000 r  
    W5                                                0.000     0.000 r  Clk (IN)
                         net (fo=0)                   0.000     0.000    Clk
    W5                   IBUF (Prop_ibuf_I_O)         0.226     0.226 r  Clk_IBUF_inst/O
                         net (fo=1, routed)           0.631     0.858    Clk_IBUF
    BUFGCTRL_X0Y0        BUFG (Prop_bufg_I_O)         0.026     0.884 r  Clk_IBUF_BUFG_inst/O
                         net (fo=34, routed)          0.588     1.471    NanoProcessor/slow_clock_0/Clk_IBUF_BUFG
    SLICE_X63Y18         FDRE                                         r  NanoProcessor/slow_clock_0/count_reg[12]/C
  -------------------------------------------------------------------    -------------------
    SLICE_X63Y18         FDRE (Prop_fdre_C_Q)         0.141     1.612 r  NanoProcessor/slow_clock_0/count_reg[12]/Q
                         net (fo=2, routed)           0.120     1.732    NanoProcessor/slow_clock_0/count[12]
    SLICE_X63Y18         CARRY4 (Prop_carry4_S[3]_O[3])
                                                      0.108     1.840 r  NanoProcessor/slow_clock_0/count0_carry__1/O[3]
                         net (fo=1, routed)           0.000     1.840    NanoProcessor/slow_clock_0/data0[12]
    SLICE_X63Y18         FDRE                                         r  NanoProcessor/slow_clock_0/count_reg[12]/D
  -------------------------------------------------------------------    -------------------

                         (clock sys_clk_pin rise edge)
                                                      0.000     0.000 r  
    W5                                                0.000     0.000 r  Clk (IN)
                         net (fo=0)                   0.000     0.000    Clk
    W5                   IBUF (Prop_ibuf_I_O)         0.414     0.414 r  Clk_IBUF_inst/O
                         net (fo=1, routed)           0.685     1.099    Clk_IBUF
    BUFGCTRL_X0Y0        BUFG (Prop_bufg_I_O)         0.029     1.128 r  Clk_IBUF_BUFG_inst/O
                         net (fo=34, routed)          0.857     1.984    NanoProcessor/slow_clock_0/Clk_IBUF_BUFG
    SLICE_X63Y18         FDRE                                         r  NanoProcessor/slow_clock_0/count_reg[12]/C
                         clock pessimism             -0.513     1.471    
    SLICE_X63Y18         FDRE (Hold_fdre_C_D)         0.105     1.576    NanoProcessor/slow_clock_0/count_reg[12]
  -------------------------------------------------------------------
                         required time                         -1.576    
                         arrival time                           1.840    
  -------------------------------------------------------------------
                         slack                                  0.264    

Slack (MET) :             0.264ns  (arrival time - required time)
  Source:                 NanoProcessor/slow_clock_0/count_reg[16]/C
>>>>>>> Stashed changes:Nanoprocessor-Design-Compettition-main/src/project_1/project_1.runs/impl_1/Nano_Processor_7_seg_timing_summary_routed.rpt
                            (rising edge-triggered cell FDRE clocked by sys_clk_pin  {rise@0.000ns fall@5.000ns period=10.000ns})
  Destination:            NanoProcessor/slow_clock_0/count_reg[16]/D
                            (rising edge-triggered cell FDRE clocked by sys_clk_pin  {rise@0.000ns fall@5.000ns period=10.000ns})
  Path Group:             sys_clk_pin
  Path Type:              Hold (Min at Fast Process Corner)
  Requirement:            0.000ns  (sys_clk_pin rise@0.000ns - sys_clk_pin rise@0.000ns)
  Data Path Delay:        0.369ns  (logic 0.249ns (67.424%)  route 0.120ns (32.576%))
  Logic Levels:           1  (CARRY4=1)
  Clock Path Skew:        0.000ns (DCD - SCD - CPR)
    Destination Clock Delay (DCD):    1.983ns
    Source Clock Delay      (SCD):    1.470ns
    Clock Pessimism Removal (CPR):    0.513ns

    Location             Delay type                Incr(ns)  Path(ns)    Netlist Resource(s)
  -------------------------------------------------------------------    -------------------
                         (clock sys_clk_pin rise edge)
                                                      0.000     0.000 r  
    W5                                                0.000     0.000 r  Clk (IN)
                         net (fo=0)                   0.000     0.000    Clk
    W5                   IBUF (Prop_ibuf_I_O)         0.226     0.226 r  Clk_IBUF_inst/O
                         net (fo=1, routed)           0.631     0.858    Clk_IBUF
    BUFGCTRL_X0Y0        BUFG (Prop_bufg_I_O)         0.026     0.884 r  Clk_IBUF_BUFG_inst/O
                         net (fo=34, routed)          0.587     1.470    NanoProcessor/slow_clock_0/Clk_IBUF_BUFG
    SLICE_X63Y19         FDRE                                         r  NanoProcessor/slow_clock_0/count_reg[16]/C
  -------------------------------------------------------------------    -------------------
    SLICE_X63Y19         FDRE (Prop_fdre_C_Q)         0.141     1.611 r  NanoProcessor/slow_clock_0/count_reg[16]/Q
                         net (fo=2, routed)           0.120     1.731    NanoProcessor/slow_clock_0/count[16]
    SLICE_X63Y19         CARRY4 (Prop_carry4_S[3]_O[3])
                                                      0.108     1.839 r  NanoProcessor/slow_clock_0/count0_carry__2/O[3]
                         net (fo=1, routed)           0.000     1.839    NanoProcessor/slow_clock_0/data0[16]
    SLICE_X63Y19         FDRE                                         r  NanoProcessor/slow_clock_0/count_reg[16]/D
  -------------------------------------------------------------------    -------------------

                         (clock sys_clk_pin rise edge)
                                                      0.000     0.000 r  
    W5                                                0.000     0.000 r  Clk (IN)
                         net (fo=0)                   0.000     0.000    Clk
    W5                   IBUF (Prop_ibuf_I_O)         0.414     0.414 r  Clk_IBUF_inst/O
                         net (fo=1, routed)           0.685     1.099    Clk_IBUF
    BUFGCTRL_X0Y0        BUFG (Prop_bufg_I_O)         0.029     1.128 r  Clk_IBUF_BUFG_inst/O
                         net (fo=34, routed)          0.856     1.983    NanoProcessor/slow_clock_0/Clk_IBUF_BUFG
    SLICE_X63Y19         FDRE                                         r  NanoProcessor/slow_clock_0/count_reg[16]/C
                         clock pessimism             -0.513     1.470    
    SLICE_X63Y19         FDRE (Hold_fdre_C_D)         0.105     1.575    NanoProcessor/slow_clock_0/count_reg[16]
  -------------------------------------------------------------------
                         required time                         -1.575    
                         arrival time                           1.839    
  -------------------------------------------------------------------
                         slack                                  0.264    

Slack (MET) :             0.264ns  (arrival time - required time)
  Source:                 NanoProcessor/slow_clock_0/count_reg[24]/C
                            (rising edge-triggered cell FDRE clocked by sys_clk_pin  {rise@0.000ns fall@5.000ns period=10.000ns})
  Destination:            NanoProcessor/slow_clock_0/count_reg[24]/D
                            (rising edge-triggered cell FDRE clocked by sys_clk_pin  {rise@0.000ns fall@5.000ns period=10.000ns})
  Path Group:             sys_clk_pin
  Path Type:              Hold (Min at Fast Process Corner)
  Requirement:            0.000ns  (sys_clk_pin rise@0.000ns - sys_clk_pin rise@0.000ns)
  Data Path Delay:        0.369ns  (logic 0.249ns (67.424%)  route 0.120ns (32.576%))
  Logic Levels:           1  (CARRY4=1)
  Clock Path Skew:        0.000ns (DCD - SCD - CPR)
    Destination Clock Delay (DCD):    1.981ns
    Source Clock Delay      (SCD):    1.468ns
    Clock Pessimism Removal (CPR):    0.513ns

    Location             Delay type                Incr(ns)  Path(ns)    Netlist Resource(s)
  -------------------------------------------------------------------    -------------------
                         (clock sys_clk_pin rise edge)
                                                      0.000     0.000 r  
    W5                                                0.000     0.000 r  Clk (IN)
                         net (fo=0)                   0.000     0.000    Clk
    W5                   IBUF (Prop_ibuf_I_O)         0.226     0.226 r  Clk_IBUF_inst/O
                         net (fo=1, routed)           0.631     0.858    Clk_IBUF
    BUFGCTRL_X0Y0        BUFG (Prop_bufg_I_O)         0.026     0.884 r  Clk_IBUF_BUFG_inst/O
                         net (fo=34, routed)          0.585     1.468    NanoProcessor/slow_clock_0/Clk_IBUF_BUFG
    SLICE_X63Y21         FDRE                                         r  NanoProcessor/slow_clock_0/count_reg[24]/C
  -------------------------------------------------------------------    -------------------
    SLICE_X63Y21         FDRE (Prop_fdre_C_Q)         0.141     1.609 r  NanoProcessor/slow_clock_0/count_reg[24]/Q
                         net (fo=2, routed)           0.120     1.729    NanoProcessor/slow_clock_0/count[24]
    SLICE_X63Y21         CARRY4 (Prop_carry4_S[3]_O[3])
                                                      0.108     1.837 r  NanoProcessor/slow_clock_0/count0_carry__4/O[3]
                         net (fo=1, routed)           0.000     1.837    NanoProcessor/slow_clock_0/data0[24]
    SLICE_X63Y21         FDRE                                         r  NanoProcessor/slow_clock_0/count_reg[24]/D
  -------------------------------------------------------------------    -------------------

                         (clock sys_clk_pin rise edge)
                                                      0.000     0.000 r  
    W5                                                0.000     0.000 r  Clk (IN)
                         net (fo=0)                   0.000     0.000    Clk
    W5                   IBUF (Prop_ibuf_I_O)         0.414     0.414 r  Clk_IBUF_inst/O
                         net (fo=1, routed)           0.685     1.099    Clk_IBUF
    BUFGCTRL_X0Y0        BUFG (Prop_bufg_I_O)         0.029     1.128 r  Clk_IBUF_BUFG_inst/O
                         net (fo=34, routed)          0.854     1.981    NanoProcessor/slow_clock_0/Clk_IBUF_BUFG
    SLICE_X63Y21         FDRE                                         r  NanoProcessor/slow_clock_0/count_reg[24]/C
                         clock pessimism             -0.513     1.468    
    SLICE_X63Y21         FDRE (Hold_fdre_C_D)         0.105     1.573    NanoProcessor/slow_clock_0/count_reg[24]
  -------------------------------------------------------------------
                         required time                         -1.573    
                         arrival time                           1.837    
  -------------------------------------------------------------------
                         slack                                  0.264    

Slack (MET) :             0.264ns  (arrival time - required time)
  Source:                 NanoProcessor/slow_clock_0/count_reg[28]/C
                            (rising edge-triggered cell FDRE clocked by sys_clk_pin  {rise@0.000ns fall@5.000ns period=10.000ns})
  Destination:            NanoProcessor/slow_clock_0/count_reg[28]/D
                            (rising edge-triggered cell FDRE clocked by sys_clk_pin  {rise@0.000ns fall@5.000ns period=10.000ns})
  Path Group:             sys_clk_pin
  Path Type:              Hold (Min at Fast Process Corner)
  Requirement:            0.000ns  (sys_clk_pin rise@0.000ns - sys_clk_pin rise@0.000ns)
  Data Path Delay:        0.369ns  (logic 0.249ns (67.424%)  route 0.120ns (32.576%))
  Logic Levels:           1  (CARRY4=1)
  Clock Path Skew:        0.000ns (DCD - SCD - CPR)
    Destination Clock Delay (DCD):    1.980ns
    Source Clock Delay      (SCD):    1.468ns
    Clock Pessimism Removal (CPR):    0.512ns

    Location             Delay type                Incr(ns)  Path(ns)    Netlist Resource(s)
  -------------------------------------------------------------------    -------------------
                         (clock sys_clk_pin rise edge)
                                                      0.000     0.000 r  
    W5                                                0.000     0.000 r  Clk (IN)
                         net (fo=0)                   0.000     0.000    Clk
    W5                   IBUF (Prop_ibuf_I_O)         0.226     0.226 r  Clk_IBUF_inst/O
                         net (fo=1, routed)           0.631     0.858    Clk_IBUF
    BUFGCTRL_X0Y0        BUFG (Prop_bufg_I_O)         0.026     0.884 r  Clk_IBUF_BUFG_inst/O
                         net (fo=34, routed)          0.585     1.468    NanoProcessor/slow_clock_0/Clk_IBUF_BUFG
    SLICE_X63Y22         FDRE                                         r  NanoProcessor/slow_clock_0/count_reg[28]/C
  -------------------------------------------------------------------    -------------------
    SLICE_X63Y22         FDRE (Prop_fdre_C_Q)         0.141     1.609 r  NanoProcessor/slow_clock_0/count_reg[28]/Q
                         net (fo=2, routed)           0.120     1.729    NanoProcessor/slow_clock_0/count[28]
    SLICE_X63Y22         CARRY4 (Prop_carry4_S[3]_O[3])
                                                      0.108     1.837 r  NanoProcessor/slow_clock_0/count0_carry__5/O[3]
                         net (fo=1, routed)           0.000     1.837    NanoProcessor/slow_clock_0/data0[28]
    SLICE_X63Y22         FDRE                                         r  NanoProcessor/slow_clock_0/count_reg[28]/D
  -------------------------------------------------------------------    -------------------

                         (clock sys_clk_pin rise edge)
                                                      0.000     0.000 r  
    W5                                                0.000     0.000 r  Clk (IN)
                         net (fo=0)                   0.000     0.000    Clk
    W5                   IBUF (Prop_ibuf_I_O)         0.414     0.414 r  Clk_IBUF_inst/O
                         net (fo=1, routed)           0.685     1.099    Clk_IBUF
    BUFGCTRL_X0Y0        BUFG (Prop_bufg_I_O)         0.029     1.128 r  Clk_IBUF_BUFG_inst/O
                         net (fo=34, routed)          0.853     1.980    NanoProcessor/slow_clock_0/Clk_IBUF_BUFG
    SLICE_X63Y22         FDRE                                         r  NanoProcessor/slow_clock_0/count_reg[28]/C
                         clock pessimism             -0.512     1.468    
    SLICE_X63Y22         FDRE (Hold_fdre_C_D)         0.105     1.573    NanoProcessor/slow_clock_0/count_reg[28]
  -------------------------------------------------------------------
                         required time                         -1.573    
                         arrival time                           1.837    
  -------------------------------------------------------------------
                         slack                                  0.264    

Slack (MET) :             0.264ns  (arrival time - required time)
  Source:                 NanoProcessor/slow_clock_0/count_reg[4]/C
                            (rising edge-triggered cell FDRE clocked by sys_clk_pin  {rise@0.000ns fall@5.000ns period=10.000ns})
  Destination:            NanoProcessor/slow_clock_0/count_reg[4]/D
                            (rising edge-triggered cell FDRE clocked by sys_clk_pin  {rise@0.000ns fall@5.000ns period=10.000ns})
  Path Group:             sys_clk_pin
  Path Type:              Hold (Min at Fast Process Corner)
  Requirement:            0.000ns  (sys_clk_pin rise@0.000ns - sys_clk_pin rise@0.000ns)
  Data Path Delay:        0.369ns  (logic 0.249ns (67.424%)  route 0.120ns (32.576%))
  Logic Levels:           1  (CARRY4=1)
  Clock Path Skew:        0.000ns (DCD - SCD - CPR)
    Destination Clock Delay (DCD):    1.986ns
    Source Clock Delay      (SCD):    1.473ns
    Clock Pessimism Removal (CPR):    0.513ns

    Location             Delay type                Incr(ns)  Path(ns)    Netlist Resource(s)
  -------------------------------------------------------------------    -------------------
                         (clock sys_clk_pin rise edge)
                                                      0.000     0.000 r  
    W5                                                0.000     0.000 r  Clk (IN)
                         net (fo=0)                   0.000     0.000    Clk
    W5                   IBUF (Prop_ibuf_I_O)         0.226     0.226 r  Clk_IBUF_inst/O
                         net (fo=1, routed)           0.631     0.858    Clk_IBUF
    BUFGCTRL_X0Y0        BUFG (Prop_bufg_I_O)         0.026     0.884 r  Clk_IBUF_BUFG_inst/O
                         net (fo=34, routed)          0.590     1.473    NanoProcessor/slow_clock_0/Clk_IBUF_BUFG
    SLICE_X63Y16         FDRE                                         r  NanoProcessor/slow_clock_0/count_reg[4]/C
  -------------------------------------------------------------------    -------------------
    SLICE_X63Y16         FDRE (Prop_fdre_C_Q)         0.141     1.614 r  NanoProcessor/slow_clock_0/count_reg[4]/Q
                         net (fo=2, routed)           0.120     1.734    NanoProcessor/slow_clock_0/count[4]
    SLICE_X63Y16         CARRY4 (Prop_carry4_S[3]_O[3])
                                                      0.108     1.842 r  NanoProcessor/slow_clock_0/count0_carry/O[3]
                         net (fo=1, routed)           0.000     1.842    NanoProcessor/slow_clock_0/data0[4]
    SLICE_X63Y16         FDRE                                         r  NanoProcessor/slow_clock_0/count_reg[4]/D
  -------------------------------------------------------------------    -------------------

                         (clock sys_clk_pin rise edge)
                                                      0.000     0.000 r  
    W5                                                0.000     0.000 r  Clk (IN)
                         net (fo=0)                   0.000     0.000    Clk
    W5                   IBUF (Prop_ibuf_I_O)         0.414     0.414 r  Clk_IBUF_inst/O
                         net (fo=1, routed)           0.685     1.099    Clk_IBUF
    BUFGCTRL_X0Y0        BUFG (Prop_bufg_I_O)         0.029     1.128 r  Clk_IBUF_BUFG_inst/O
                         net (fo=34, routed)          0.859     1.986    NanoProcessor/slow_clock_0/Clk_IBUF_BUFG
    SLICE_X63Y16         FDRE                                         r  NanoProcessor/slow_clock_0/count_reg[4]/C
                         clock pessimism             -0.513     1.473    
    SLICE_X63Y16         FDRE (Hold_fdre_C_D)         0.105     1.578    NanoProcessor/slow_clock_0/count_reg[4]
  -------------------------------------------------------------------
                         required time                         -1.578    
                         arrival time                           1.842    
  -------------------------------------------------------------------
                         slack                                  0.264    

Slack (MET) :             0.264ns  (arrival time - required time)
  Source:                 NanoProcessor/slow_clock_0/count_reg[8]/C
                            (rising edge-triggered cell FDRE clocked by sys_clk_pin  {rise@0.000ns fall@5.000ns period=10.000ns})
  Destination:            NanoProcessor/slow_clock_0/count_reg[8]/D
                            (rising edge-triggered cell FDRE clocked by sys_clk_pin  {rise@0.000ns fall@5.000ns period=10.000ns})
  Path Group:             sys_clk_pin
  Path Type:              Hold (Min at Fast Process Corner)
  Requirement:            0.000ns  (sys_clk_pin rise@0.000ns - sys_clk_pin rise@0.000ns)
  Data Path Delay:        0.369ns  (logic 0.249ns (67.424%)  route 0.120ns (32.576%))
  Logic Levels:           1  (CARRY4=1)
  Clock Path Skew:        0.000ns (DCD - SCD - CPR)
    Destination Clock Delay (DCD):    1.985ns
    Source Clock Delay      (SCD):    1.472ns
    Clock Pessimism Removal (CPR):    0.513ns

    Location             Delay type                Incr(ns)  Path(ns)    Netlist Resource(s)
  -------------------------------------------------------------------    -------------------
                         (clock sys_clk_pin rise edge)
                                                      0.000     0.000 r  
    W5                                                0.000     0.000 r  Clk (IN)
                         net (fo=0)                   0.000     0.000    Clk
    W5                   IBUF (Prop_ibuf_I_O)         0.226     0.226 r  Clk_IBUF_inst/O
                         net (fo=1, routed)           0.631     0.858    Clk_IBUF
    BUFGCTRL_X0Y0        BUFG (Prop_bufg_I_O)         0.026     0.884 r  Clk_IBUF_BUFG_inst/O
                         net (fo=34, routed)          0.589     1.472    NanoProcessor/slow_clock_0/Clk_IBUF_BUFG
    SLICE_X63Y17         FDRE                                         r  NanoProcessor/slow_clock_0/count_reg[8]/C
  -------------------------------------------------------------------    -------------------
    SLICE_X63Y17         FDRE (Prop_fdre_C_Q)         0.141     1.613 r  NanoProcessor/slow_clock_0/count_reg[8]/Q
                         net (fo=2, routed)           0.120     1.733    NanoProcessor/slow_clock_0/count[8]
    SLICE_X63Y17         CARRY4 (Prop_carry4_S[3]_O[3])
                                                      0.108     1.841 r  NanoProcessor/slow_clock_0/count0_carry__0/O[3]
                         net (fo=1, routed)           0.000     1.841    NanoProcessor/slow_clock_0/data0[8]
    SLICE_X63Y17         FDRE                                         r  NanoProcessor/slow_clock_0/count_reg[8]/D
  -------------------------------------------------------------------    -------------------

                         (clock sys_clk_pin rise edge)
                                                      0.000     0.000 r  
    W5                                                0.000     0.000 r  Clk (IN)
                         net (fo=0)                   0.000     0.000    Clk
    W5                   IBUF (Prop_ibuf_I_O)         0.414     0.414 r  Clk_IBUF_inst/O
                         net (fo=1, routed)           0.685     1.099    Clk_IBUF
    BUFGCTRL_X0Y0        BUFG (Prop_bufg_I_O)         0.029     1.128 r  Clk_IBUF_BUFG_inst/O
                         net (fo=34, routed)          0.858     1.985    NanoProcessor/slow_clock_0/Clk_IBUF_BUFG
    SLICE_X63Y17         FDRE                                         r  NanoProcessor/slow_clock_0/count_reg[8]/C
                         clock pessimism             -0.513     1.472    
    SLICE_X63Y17         FDRE (Hold_fdre_C_D)         0.105     1.577    NanoProcessor/slow_clock_0/count_reg[8]
  -------------------------------------------------------------------
                         required time                         -1.577    
                         arrival time                           1.841    
  -------------------------------------------------------------------
                         slack                                  0.264    

Slack (MET) :             0.264ns  (arrival time - required time)
  Source:                 NanoProcessor/slow_clock_0/count_reg[20]/C
                            (rising edge-triggered cell FDRE clocked by sys_clk_pin  {rise@0.000ns fall@5.000ns period=10.000ns})
  Destination:            NanoProcessor/slow_clock_0/count_reg[20]/D
                            (rising edge-triggered cell FDRE clocked by sys_clk_pin  {rise@0.000ns fall@5.000ns period=10.000ns})
  Path Group:             sys_clk_pin
  Path Type:              Hold (Min at Fast Process Corner)
  Requirement:            0.000ns  (sys_clk_pin rise@0.000ns - sys_clk_pin rise@0.000ns)
  Data Path Delay:        0.369ns  (logic 0.249ns (67.424%)  route 0.120ns (32.576%))
  Logic Levels:           1  (CARRY4=1)
  Clock Path Skew:        0.000ns (DCD - SCD - CPR)
<<<<<<< Updated upstream:Optimized/project_1/project_1.runs/impl_1/Nano_Processor_7_seg_timing_summary_routed.rpt
    Destination Clock Delay (DCD):    1.953ns
    Source Clock Delay      (SCD):    1.441ns
    Clock Pessimism Removal (CPR):    0.512ns
=======
    Destination Clock Delay (DCD):    1.982ns
    Source Clock Delay      (SCD):    1.469ns
    Clock Pessimism Removal (CPR):    0.513ns

    Location             Delay type                Incr(ns)  Path(ns)    Netlist Resource(s)
  -------------------------------------------------------------------    -------------------
                         (clock sys_clk_pin rise edge)
                                                      0.000     0.000 r  
    W5                                                0.000     0.000 r  Clk (IN)
                         net (fo=0)                   0.000     0.000    Clk
    W5                   IBUF (Prop_ibuf_I_O)         0.226     0.226 r  Clk_IBUF_inst/O
                         net (fo=1, routed)           0.631     0.858    Clk_IBUF
    BUFGCTRL_X0Y0        BUFG (Prop_bufg_I_O)         0.026     0.884 r  Clk_IBUF_BUFG_inst/O
                         net (fo=34, routed)          0.586     1.469    NanoProcessor/slow_clock_0/Clk_IBUF_BUFG
    SLICE_X63Y20         FDRE                                         r  NanoProcessor/slow_clock_0/count_reg[20]/C
  -------------------------------------------------------------------    -------------------
    SLICE_X63Y20         FDRE (Prop_fdre_C_Q)         0.141     1.610 r  NanoProcessor/slow_clock_0/count_reg[20]/Q
                         net (fo=2, routed)           0.120     1.730    NanoProcessor/slow_clock_0/count[20]
    SLICE_X63Y20         CARRY4 (Prop_carry4_S[3]_O[3])
                                                      0.108     1.838 r  NanoProcessor/slow_clock_0/count0_carry__3/O[3]
                         net (fo=1, routed)           0.000     1.838    NanoProcessor/slow_clock_0/data0[20]
    SLICE_X63Y20         FDRE                                         r  NanoProcessor/slow_clock_0/count_reg[20]/D
  -------------------------------------------------------------------    -------------------

                         (clock sys_clk_pin rise edge)
                                                      0.000     0.000 r  
    W5                                                0.000     0.000 r  Clk (IN)
                         net (fo=0)                   0.000     0.000    Clk
    W5                   IBUF (Prop_ibuf_I_O)         0.414     0.414 r  Clk_IBUF_inst/O
                         net (fo=1, routed)           0.685     1.099    Clk_IBUF
    BUFGCTRL_X0Y0        BUFG (Prop_bufg_I_O)         0.029     1.128 r  Clk_IBUF_BUFG_inst/O
                         net (fo=34, routed)          0.855     1.982    NanoProcessor/slow_clock_0/Clk_IBUF_BUFG
    SLICE_X63Y20         FDRE                                         r  NanoProcessor/slow_clock_0/count_reg[20]/C
                         clock pessimism             -0.513     1.469    
    SLICE_X63Y20         FDRE (Hold_fdre_C_D)         0.105     1.574    NanoProcessor/slow_clock_0/count_reg[20]
  -------------------------------------------------------------------
                         required time                         -1.574    
                         arrival time                           1.838    
  -------------------------------------------------------------------
                         slack                                  0.264    

Slack (MET) :             0.265ns  (arrival time - required time)
  Source:                 NanoProcessor/slow_clock_0/count_reg[17]/C
                            (rising edge-triggered cell FDRE clocked by sys_clk_pin  {rise@0.000ns fall@5.000ns period=10.000ns})
  Destination:            NanoProcessor/slow_clock_0/count_reg[17]/D
                            (rising edge-triggered cell FDRE clocked by sys_clk_pin  {rise@0.000ns fall@5.000ns period=10.000ns})
  Path Group:             sys_clk_pin
  Path Type:              Hold (Min at Fast Process Corner)
  Requirement:            0.000ns  (sys_clk_pin rise@0.000ns - sys_clk_pin rise@0.000ns)
  Data Path Delay:        0.370ns  (logic 0.256ns (69.150%)  route 0.114ns (30.850%))
  Logic Levels:           1  (CARRY4=1)
  Clock Path Skew:        0.000ns (DCD - SCD - CPR)
    Destination Clock Delay (DCD):    1.982ns
    Source Clock Delay      (SCD):    1.469ns
    Clock Pessimism Removal (CPR):    0.513ns
>>>>>>> Stashed changes:Nanoprocessor-Design-Compettition-main/src/project_1/project_1.runs/impl_1/Nano_Processor_7_seg_timing_summary_routed.rpt

    Location             Delay type                Incr(ns)  Path(ns)    Netlist Resource(s)
  -------------------------------------------------------------------    -------------------
                         (clock sys_clk_pin rise edge)
                                                      0.000     0.000 r  
    W5                                                0.000     0.000 r  Clk (IN)
                         net (fo=0)                   0.000     0.000    Clk
    W5                   IBUF (Prop_ibuf_I_O)         0.226     0.226 r  Clk_IBUF_inst/O
                         net (fo=1, routed)           0.631     0.858    Clk_IBUF
    BUFGCTRL_X0Y0        BUFG (Prop_bufg_I_O)         0.026     0.884 r  Clk_IBUF_BUFG_inst/O
<<<<<<< Updated upstream:Optimized/project_1/project_1.runs/impl_1/Nano_Processor_7_seg_timing_summary_routed.rpt
                         net (fo=34, routed)          0.558     1.441    NanoProcessor/slow_clock_0/Clk_IBUF_BUFG
    SLICE_X48Y19         FDRE                                         r  NanoProcessor/slow_clock_0/count_reg[15]/C
  -------------------------------------------------------------------    -------------------
    SLICE_X48Y19         FDRE (Prop_fdre_C_Q)         0.141     1.582 r  NanoProcessor/slow_clock_0/count_reg[15]/Q
                         net (fo=2, routed)           0.133     1.715    NanoProcessor/slow_clock_0/count[15]
    SLICE_X48Y19         CARRY4 (Prop_carry4_S[2]_O[3])
                                                      0.144     1.859 r  NanoProcessor/slow_clock_0/count_reg[16]_i_1/O[3]
                         net (fo=1, routed)           0.000     1.859    NanoProcessor/slow_clock_0/data0[16]
    SLICE_X48Y19         FDRE                                         r  NanoProcessor/slow_clock_0/count_reg[16]/D
=======
                         net (fo=34, routed)          0.586     1.469    NanoProcessor/slow_clock_0/Clk_IBUF_BUFG
    SLICE_X63Y20         FDRE                                         r  NanoProcessor/slow_clock_0/count_reg[17]/C
  -------------------------------------------------------------------    -------------------
    SLICE_X63Y20         FDRE (Prop_fdre_C_Q)         0.141     1.610 r  NanoProcessor/slow_clock_0/count_reg[17]/Q
                         net (fo=2, routed)           0.114     1.724    NanoProcessor/slow_clock_0/count[17]
    SLICE_X63Y20         CARRY4 (Prop_carry4_S[0]_O[0])
                                                      0.115     1.839 r  NanoProcessor/slow_clock_0/count0_carry__3/O[0]
                         net (fo=1, routed)           0.000     1.839    NanoProcessor/slow_clock_0/data0[17]
    SLICE_X63Y20         FDRE                                         r  NanoProcessor/slow_clock_0/count_reg[17]/D
>>>>>>> Stashed changes:Nanoprocessor-Design-Compettition-main/src/project_1/project_1.runs/impl_1/Nano_Processor_7_seg_timing_summary_routed.rpt
  -------------------------------------------------------------------    -------------------

                         (clock sys_clk_pin rise edge)
                                                      0.000     0.000 r  
    W5                                                0.000     0.000 r  Clk (IN)
                         net (fo=0)                   0.000     0.000    Clk
    W5                   IBUF (Prop_ibuf_I_O)         0.414     0.414 r  Clk_IBUF_inst/O
                         net (fo=1, routed)           0.685     1.099    Clk_IBUF
    BUFGCTRL_X0Y0        BUFG (Prop_bufg_I_O)         0.029     1.128 r  Clk_IBUF_BUFG_inst/O
<<<<<<< Updated upstream:Optimized/project_1/project_1.runs/impl_1/Nano_Processor_7_seg_timing_summary_routed.rpt
                         net (fo=34, routed)          0.826     1.953    NanoProcessor/slow_clock_0/Clk_IBUF_BUFG
    SLICE_X48Y19         FDRE                                         r  NanoProcessor/slow_clock_0/count_reg[16]/C
                         clock pessimism             -0.512     1.441    
    SLICE_X48Y19         FDRE (Hold_fdre_C_D)         0.105     1.546    NanoProcessor/slow_clock_0/count_reg[16]
  -------------------------------------------------------------------
                         required time                         -1.546    
                         arrival time                           1.859    
=======
                         net (fo=34, routed)          0.855     1.982    NanoProcessor/slow_clock_0/Clk_IBUF_BUFG
    SLICE_X63Y20         FDRE                                         r  NanoProcessor/slow_clock_0/count_reg[17]/C
                         clock pessimism             -0.513     1.469    
    SLICE_X63Y20         FDRE (Hold_fdre_C_D)         0.105     1.574    NanoProcessor/slow_clock_0/count_reg[17]
  -------------------------------------------------------------------
                         required time                         -1.574    
                         arrival time                           1.839    
>>>>>>> Stashed changes:Nanoprocessor-Design-Compettition-main/src/project_1/project_1.runs/impl_1/Nano_Processor_7_seg_timing_summary_routed.rpt
  -------------------------------------------------------------------
                         slack                                  0.265    

Slack (MET) :             0.267ns  (arrival time - required time)
  Source:                 NanoProcessor/slow_clock_0/count_reg[13]/C
                            (rising edge-triggered cell FDRE clocked by sys_clk_pin  {rise@0.000ns fall@5.000ns period=10.000ns})
  Destination:            NanoProcessor/slow_clock_0/count_reg[13]/D
                            (rising edge-triggered cell FDRE clocked by sys_clk_pin  {rise@0.000ns fall@5.000ns period=10.000ns})
  Path Group:             sys_clk_pin
  Path Type:              Hold (Min at Fast Process Corner)
  Requirement:            0.000ns  (sys_clk_pin rise@0.000ns - sys_clk_pin rise@0.000ns)
  Data Path Delay:        0.372ns  (logic 0.256ns (68.766%)  route 0.116ns (31.234%))
  Logic Levels:           1  (CARRY4=1)
  Clock Path Skew:        0.000ns (DCD - SCD - CPR)
    Destination Clock Delay (DCD):    1.983ns
    Source Clock Delay      (SCD):    1.470ns
    Clock Pessimism Removal (CPR):    0.513ns

    Location             Delay type                Incr(ns)  Path(ns)    Netlist Resource(s)
  -------------------------------------------------------------------    -------------------
                         (clock sys_clk_pin rise edge)
                                                      0.000     0.000 r  
    W5                                                0.000     0.000 r  Clk (IN)
                         net (fo=0)                   0.000     0.000    Clk
    W5                   IBUF (Prop_ibuf_I_O)         0.226     0.226 r  Clk_IBUF_inst/O
                         net (fo=1, routed)           0.631     0.858    Clk_IBUF
    BUFGCTRL_X0Y0        BUFG (Prop_bufg_I_O)         0.026     0.884 r  Clk_IBUF_BUFG_inst/O
                         net (fo=34, routed)          0.587     1.470    NanoProcessor/slow_clock_0/Clk_IBUF_BUFG
    SLICE_X63Y19         FDRE                                         r  NanoProcessor/slow_clock_0/count_reg[13]/C
  -------------------------------------------------------------------    -------------------
    SLICE_X63Y19         FDRE (Prop_fdre_C_Q)         0.141     1.611 r  NanoProcessor/slow_clock_0/count_reg[13]/Q
                         net (fo=2, routed)           0.116     1.727    NanoProcessor/slow_clock_0/count[13]
    SLICE_X63Y19         CARRY4 (Prop_carry4_S[0]_O[0])
                                                      0.115     1.842 r  NanoProcessor/slow_clock_0/count0_carry__2/O[0]
                         net (fo=1, routed)           0.000     1.842    NanoProcessor/slow_clock_0/data0[13]
    SLICE_X63Y19         FDRE                                         r  NanoProcessor/slow_clock_0/count_reg[13]/D
  -------------------------------------------------------------------    -------------------

                         (clock sys_clk_pin rise edge)
                                                      0.000     0.000 r  
    W5                                                0.000     0.000 r  Clk (IN)
                         net (fo=0)                   0.000     0.000    Clk
    W5                   IBUF (Prop_ibuf_I_O)         0.414     0.414 r  Clk_IBUF_inst/O
                         net (fo=1, routed)           0.685     1.099    Clk_IBUF
    BUFGCTRL_X0Y0        BUFG (Prop_bufg_I_O)         0.029     1.128 r  Clk_IBUF_BUFG_inst/O
                         net (fo=34, routed)          0.856     1.983    NanoProcessor/slow_clock_0/Clk_IBUF_BUFG
    SLICE_X63Y19         FDRE                                         r  NanoProcessor/slow_clock_0/count_reg[13]/C
                         clock pessimism             -0.513     1.470    
    SLICE_X63Y19         FDRE (Hold_fdre_C_D)         0.105     1.575    NanoProcessor/slow_clock_0/count_reg[13]
  -------------------------------------------------------------------
                         required time                         -1.575    
                         arrival time                           1.842    
  -------------------------------------------------------------------
                         slack                                  0.267    





Pulse Width Checks
--------------------------------------------------------------------------------------
Clock Name:         sys_clk_pin
Waveform(ns):       { 0.000 5.000 }
Period(ns):         10.000
Sources:            { Clk }

Check Type        Corner  Lib Pin  Reference Pin  Required(ns)  Actual(ns)  Slack(ns)  Location       Pin
Min Period        n/a     BUFG/I   n/a            2.155         10.000      7.845      BUFGCTRL_X0Y0  Clk_IBUF_BUFG_inst/I
<<<<<<< Updated upstream:Optimized/project_1/project_1.runs/impl_1/Nano_Processor_7_seg_timing_summary_routed.rpt
Min Period        n/a     FDRE/C   n/a            1.000         10.000      9.000      SLICE_X49Y18   NanoProcessor/slow_clock_0/Clk_out_reg/C
Min Period        n/a     FDRE/C   n/a            1.000         10.000      9.000      SLICE_X49Y18   NanoProcessor/slow_clock_0/clk_status_reg/C
Min Period        n/a     FDRE/C   n/a            1.000         10.000      9.000      SLICE_X49Y18   NanoProcessor/slow_clock_0/count_reg[0]/C
Min Period        n/a     FDRE/C   n/a            1.000         10.000      9.000      SLICE_X48Y18   NanoProcessor/slow_clock_0/count_reg[10]/C
Min Period        n/a     FDRE/C   n/a            1.000         10.000      9.000      SLICE_X48Y18   NanoProcessor/slow_clock_0/count_reg[11]/C
Min Period        n/a     FDRE/C   n/a            1.000         10.000      9.000      SLICE_X48Y18   NanoProcessor/slow_clock_0/count_reg[12]/C
Min Period        n/a     FDRE/C   n/a            1.000         10.000      9.000      SLICE_X48Y19   NanoProcessor/slow_clock_0/count_reg[13]/C
Min Period        n/a     FDRE/C   n/a            1.000         10.000      9.000      SLICE_X48Y19   NanoProcessor/slow_clock_0/count_reg[14]/C
Min Period        n/a     FDRE/C   n/a            1.000         10.000      9.000      SLICE_X48Y19   NanoProcessor/slow_clock_0/count_reg[15]/C
Low Pulse Width   Slow    FDRE/C   n/a            0.500         5.000       4.500      SLICE_X48Y21   NanoProcessor/slow_clock_0/count_reg[21]/C
Low Pulse Width   Slow    FDRE/C   n/a            0.500         5.000       4.500      SLICE_X48Y21   NanoProcessor/slow_clock_0/count_reg[22]/C
Low Pulse Width   Slow    FDRE/C   n/a            0.500         5.000       4.500      SLICE_X48Y21   NanoProcessor/slow_clock_0/count_reg[23]/C
Low Pulse Width   Slow    FDRE/C   n/a            0.500         5.000       4.500      SLICE_X48Y21   NanoProcessor/slow_clock_0/count_reg[24]/C
Low Pulse Width   Slow    FDRE/C   n/a            0.500         5.000       4.500      SLICE_X48Y16   NanoProcessor/slow_clock_0/count_reg[1]/C
Low Pulse Width   Fast    FDRE/C   n/a            0.500         5.000       4.500      SLICE_X48Y16   NanoProcessor/slow_clock_0/count_reg[1]/C
Low Pulse Width   Fast    FDRE/C   n/a            0.500         5.000       4.500      SLICE_X48Y21   NanoProcessor/slow_clock_0/count_reg[21]/C
Low Pulse Width   Fast    FDRE/C   n/a            0.500         5.000       4.500      SLICE_X48Y21   NanoProcessor/slow_clock_0/count_reg[22]/C
Low Pulse Width   Fast    FDRE/C   n/a            0.500         5.000       4.500      SLICE_X48Y21   NanoProcessor/slow_clock_0/count_reg[23]/C
Low Pulse Width   Fast    FDRE/C   n/a            0.500         5.000       4.500      SLICE_X48Y21   NanoProcessor/slow_clock_0/count_reg[24]/C
High Pulse Width  Slow    FDRE/C   n/a            0.500         5.000       4.500      SLICE_X49Y18   NanoProcessor/slow_clock_0/Clk_out_reg/C
High Pulse Width  Slow    FDRE/C   n/a            0.500         5.000       4.500      SLICE_X49Y18   NanoProcessor/slow_clock_0/clk_status_reg/C
High Pulse Width  Slow    FDRE/C   n/a            0.500         5.000       4.500      SLICE_X49Y18   NanoProcessor/slow_clock_0/count_reg[0]/C
High Pulse Width  Slow    FDRE/C   n/a            0.500         5.000       4.500      SLICE_X48Y18   NanoProcessor/slow_clock_0/count_reg[10]/C
High Pulse Width  Slow    FDRE/C   n/a            0.500         5.000       4.500      SLICE_X48Y18   NanoProcessor/slow_clock_0/count_reg[11]/C
High Pulse Width  Slow    FDRE/C   n/a            0.500         5.000       4.500      SLICE_X48Y18   NanoProcessor/slow_clock_0/count_reg[12]/C
High Pulse Width  Slow    FDRE/C   n/a            0.500         5.000       4.500      SLICE_X48Y19   NanoProcessor/slow_clock_0/count_reg[13]/C
High Pulse Width  Slow    FDRE/C   n/a            0.500         5.000       4.500      SLICE_X48Y19   NanoProcessor/slow_clock_0/count_reg[14]/C
High Pulse Width  Slow    FDRE/C   n/a            0.500         5.000       4.500      SLICE_X48Y19   NanoProcessor/slow_clock_0/count_reg[15]/C
High Pulse Width  Slow    FDRE/C   n/a            0.500         5.000       4.500      SLICE_X48Y19   NanoProcessor/slow_clock_0/count_reg[16]/C
=======
Min Period        n/a     FDRE/C   n/a            1.000         10.000      9.000      SLICE_X64Y20   NanoProcessor/slow_clock_0/Clk_out_reg/C
Min Period        n/a     FDRE/C   n/a            1.000         10.000      9.000      SLICE_X64Y20   NanoProcessor/slow_clock_0/clk_status_reg/C
Min Period        n/a     FDRE/C   n/a            1.000         10.000      9.000      SLICE_X62Y16   NanoProcessor/slow_clock_0/count_reg[0]/C
Min Period        n/a     FDRE/C   n/a            1.000         10.000      9.000      SLICE_X63Y18   NanoProcessor/slow_clock_0/count_reg[10]/C
Min Period        n/a     FDRE/C   n/a            1.000         10.000      9.000      SLICE_X63Y18   NanoProcessor/slow_clock_0/count_reg[11]/C
Min Period        n/a     FDRE/C   n/a            1.000         10.000      9.000      SLICE_X63Y18   NanoProcessor/slow_clock_0/count_reg[12]/C
Min Period        n/a     FDRE/C   n/a            1.000         10.000      9.000      SLICE_X63Y19   NanoProcessor/slow_clock_0/count_reg[13]/C
Min Period        n/a     FDRE/C   n/a            1.000         10.000      9.000      SLICE_X63Y19   NanoProcessor/slow_clock_0/count_reg[14]/C
Min Period        n/a     FDRE/C   n/a            1.000         10.000      9.000      SLICE_X63Y19   NanoProcessor/slow_clock_0/count_reg[15]/C
Low Pulse Width   Slow    FDRE/C   n/a            0.500         5.000       4.500      SLICE_X64Y20   NanoProcessor/slow_clock_0/Clk_out_reg/C
Low Pulse Width   Slow    FDRE/C   n/a            0.500         5.000       4.500      SLICE_X64Y20   NanoProcessor/slow_clock_0/clk_status_reg/C
Low Pulse Width   Fast    FDRE/C   n/a            0.500         5.000       4.500      SLICE_X62Y16   NanoProcessor/slow_clock_0/count_reg[0]/C
Low Pulse Width   Slow    FDRE/C   n/a            0.500         5.000       4.500      SLICE_X63Y18   NanoProcessor/slow_clock_0/count_reg[10]/C
Low Pulse Width   Slow    FDRE/C   n/a            0.500         5.000       4.500      SLICE_X63Y18   NanoProcessor/slow_clock_0/count_reg[11]/C
Low Pulse Width   Slow    FDRE/C   n/a            0.500         5.000       4.500      SLICE_X63Y18   NanoProcessor/slow_clock_0/count_reg[12]/C
Low Pulse Width   Slow    FDRE/C   n/a            0.500         5.000       4.500      SLICE_X63Y19   NanoProcessor/slow_clock_0/count_reg[13]/C
Low Pulse Width   Slow    FDRE/C   n/a            0.500         5.000       4.500      SLICE_X63Y19   NanoProcessor/slow_clock_0/count_reg[14]/C
Low Pulse Width   Slow    FDRE/C   n/a            0.500         5.000       4.500      SLICE_X63Y19   NanoProcessor/slow_clock_0/count_reg[15]/C
Low Pulse Width   Slow    FDRE/C   n/a            0.500         5.000       4.500      SLICE_X63Y19   NanoProcessor/slow_clock_0/count_reg[16]/C
High Pulse Width  Slow    FDRE/C   n/a            0.500         5.000       4.500      SLICE_X62Y16   NanoProcessor/slow_clock_0/count_reg[0]/C
High Pulse Width  Fast    FDRE/C   n/a            0.500         5.000       4.500      SLICE_X62Y16   NanoProcessor/slow_clock_0/count_reg[0]/C
High Pulse Width  Slow    FDRE/C   n/a            0.500         5.000       4.500      SLICE_X63Y16   NanoProcessor/slow_clock_0/count_reg[1]/C
High Pulse Width  Fast    FDRE/C   n/a            0.500         5.000       4.500      SLICE_X63Y16   NanoProcessor/slow_clock_0/count_reg[1]/C
High Pulse Width  Slow    FDRE/C   n/a            0.500         5.000       4.500      SLICE_X63Y22   NanoProcessor/slow_clock_0/count_reg[25]/C
High Pulse Width  Slow    FDRE/C   n/a            0.500         5.000       4.500      SLICE_X63Y22   NanoProcessor/slow_clock_0/count_reg[26]/C
High Pulse Width  Slow    FDRE/C   n/a            0.500         5.000       4.500      SLICE_X63Y22   NanoProcessor/slow_clock_0/count_reg[27]/C
High Pulse Width  Slow    FDRE/C   n/a            0.500         5.000       4.500      SLICE_X63Y22   NanoProcessor/slow_clock_0/count_reg[28]/C
High Pulse Width  Slow    FDRE/C   n/a            0.500         5.000       4.500      SLICE_X63Y23   NanoProcessor/slow_clock_0/count_reg[29]/C
High Pulse Width  Slow    FDRE/C   n/a            0.500         5.000       4.500      SLICE_X63Y16   NanoProcessor/slow_clock_0/count_reg[2]/C
>>>>>>> Stashed changes:Nanoprocessor-Design-Compettition-main/src/project_1/project_1.runs/impl_1/Nano_Processor_7_seg_timing_summary_routed.rpt



